idx,time_s,cmd_vx,cmd_vy,cmd_wz,x,y,yaw,reset
0,0.02,-0.017120130360126495,0.06118415668606758,0.021685566753149033,0.004614715930074453,0.0006191066931933165,0.002983202924951911,False
1,0.04,-0.017120130360126495,0.06118415668606758,0.021685566753149033,0.006192654371261597,0.0010706358589231968,0.00546595873311162,False
2,0.06,-0.017120130360126495,0.06118415668606758,0.021685566753149033,0.006042349152266979,0.002207476645708084,0.0044479514472186565,False
3,0.08,-0.017120130360126495,0.06118415668606758,0.021685566753149033,0.005116717889904976,0.001840506331063807,0.004339230712503195,False
4,0.1,-0.017120130360126495,0.06118415668606758,0.021685566753149033,0.003488399088382721,0.0016213242197409272,0.002960063284263015,False
5,0.12,-0.017120130360126495,0.06118415668606758,0.021685566753149033,0.0013684113509953022,0.0036833779886364937,-0.00305509683676064,False
6,0.14,-0.017120130360126495,0.06118415668606758,0.021685566753149033,0.0009859474375844002,0.0038832244463264942,-0.000830243167001754,False
7,0.16,-0.017120130360126495,0.06118415668606758,0.021685566753149033,0.00015190267004072666,0.005456929560750723,-0.006645287852734327,False
8,0.18,-0.017120130360126495,0.06118415668606758,0.021685566753149033,-0.0005652066320180893,0.007964682765305042,-0.008308306336402893,False
9,0.2,-0.017120130360126495,0.06118415668606758,0.021685566753149033,1.9823433831334114e-05,0.009482110850512981,-0.004349109251052141,False
10,0.22,-0.017120130360126495,0.06118415668606758,0.021685566753149033,-0.0006458605639636517,0.012595400214195251,-0.015135303139686584,False
11,0.24,-0.017120130360126495,0.06118415668606758,0.021685566753149033,0.0014980126870796084,0.01289740763604641,-0.010448620654642582,False
12,0.26,-0.017120130360126495,0.06118415668606758,0.021685566753149033,0.005023302510380745,0.014192327857017517,-0.004555178340524435,False
13,0.28,-0.017120130360126495,0.06118415668606758,0.021685566753149033,0.008295560255646706,0.01527366042137146,0.00141776108648628,False
14,0.3,-0.017120130360126495,0.06118415668606758,0.021685566753149033,0.01153054740279913,0.014434730634093285,-0.004556633532047272,False
15,0.32,-0.017120130360126495,0.06118415668606758,0.021685566753149033,0.014411214739084244,0.015183914452791214,-0.006054540630429983,False
16,0.34,-0.017120130360126495,0.06118415668606758,0.021685566753149033,0.01733066886663437,0.013616273179650307,-0.02451159618794918,False
17,0.36,-0.017120130360126495,0.06118415668606758,0.021685566753149033,0.020909033715724945,0.013862334191799164,-0.03198347985744476,False
18,0.38,-0.017120130360126495,0.06118415668606758,0.021685566753149033,0.023646514862775803,0.014603004790842533,-0.03270649537444115,False
19,0.4,-0.017120130360126495,0.06118415668606758,0.021685566753149033,0.02564137801527977,0.013909894041717052,-0.015425103716552258,False
20,0.42,-0.017120130360126495,0.06118415668606758,0.021685566753149033,0.02487613819539547,0.01545075885951519,-0.017994940280914307,False
21,0.44,-0.017120130360126495,0.06118415668606758,0.021685566753149033,0.024088116362690926,0.016176458448171616,-0.0053645954467356205,False
22,0.46,-0.017120130360126495,0.06118415668606758,0.021685566753149033,0.022236056625843048,0.019237175583839417,-0.005891547538340092,False
23,0.48,-0.017120130360126495,0.06118415668606758,0.021685566753149033,0.02229107916355133,0.021506648510694504,0.0035698481369763613,False
24,0.5,-0.017120130360126495,0.06118415668606758,0.021685566753149033,0.021120134741067886,0.025043977424502373,0.004952066577970982,False
25,0.52,0.16964153945446014,-0.04677416756749153,-0.0073889573104679585,0.020982420071959496,0.027554042637348175,0.010823456570506096,False
26,0.54,0.16964153945446014,-0.04677416756749153,-0.0073889573104679585,0.019633900374174118,0.031965289264917374,0.005225411616265774,False
27,0.56,0.16964153945446014,-0.04677416756749153,-0.0073889573104679585,0.020155370235443115,0.03502155467867851,0.0022021918557584286,False
28,0.58,0.16964153945446014,-0.04677416756749153,-0.0073889573104679585,0.019613757729530334,0.040671322494745255,-0.012856992892920971,False
29,0.6,0.16964153945446014,-0.04677416756749153,-0.0073889573104679585,0.019979286938905716,0.04401085898280144,-0.027383042499423027,False
30,0.62,0.16964153945446014,-0.04677416756749153,-0.0073889573104679585,0.01995939388871193,0.04901496693491936,-0.04461071267724037,False
31,0.64,0.16964153945446014,-0.04677416756749153,-0.0073889573104679585,0.02121582068502903,0.053203314542770386,-0.05318065732717514,False
32,0.66,0.16964153945446014,-0.04677416756749153,-0.0073889573104679585,0.021912116557359695,0.059227269142866135,-0.06519079208374023,False
33,0.68,0.16964153945446014,-0.04677416756749153,-0.0073889573104679585,0.02269108220934868,0.06480716168880463,-0.08163172006607056,False
34,0.7000000000000001,0.16964153945446014,-0.04677416756749153,-0.0073889573104679585,0.023406129330396652,0.06996197998523712,-0.09341911971569061,False
35,0.72,0.16964153945446014,-0.04677416756749153,-0.0073889573104679585,0.022951968014240265,0.07678403705358505,-0.10133327543735504,False
36,0.74,0.16964153945446014,-0.04677416756749153,-0.0073889573104679585,0.023163672536611557,0.08350604772567749,-0.11217594891786575,False
37,0.76,0.16964153945446014,-0.04677416756749153,-0.0073889573104679585,0.023570090532302856,0.08934807032346725,-0.12016371637582779,False
38,0.78,0.16964153945446014,-0.04677416756749153,-0.0073889573104679585,0.02392910048365593,0.09536262601613998,-0.12344933301210403,False
39,0.8,0.16964153945446014,-0.04677416756749153,-0.0073889573104679585,0.02466621622443199,0.10205590724945068,-0.13027316331863403,False
40,0.8200000000000001,0.16964153945446014,-0.04677416756749153,-0.0073889573104679585,0.02561364509165287,0.10861247777938843,-0.14071451127529144,False
41,0.84,0.16964153945446014,-0.04677416756749153,-0.0073889573104679585,0.02582504414021969,0.11443866789340973,-0.14751048386096954,False
42,0.86,0.16964153945446014,-0.04677416756749153,-0.0073889573104679585,0.02607264369726181,0.12091359496116638,-0.15579256415367126,False
43,0.88,0.16964153945446014,-0.04677416756749153,-0.0073889573104679585,0.026363536715507507,0.12687793374061584,-0.1630571186542511,False
44,0.9,0.16964153945446014,-0.04677416756749153,-0.0073889573104679585,0.027161121368408203,0.13307347893714905,-0.16110186278820038,False
45,0.92,0.16964153945446014,-0.04677416756749153,-0.0073889573104679585,0.029209811240434647,0.13950695097446442,-0.1587015688419342,False
46,0.9400000000000001,0.16964153945446014,-0.04677416756749153,-0.0073889573104679585,0.03172022104263306,0.1464267373085022,-0.1500779539346695,False
47,0.96,0.16964153945446014,-0.04677416756749153,-0.0073889573104679585,0.033221445977687836,0.15412954986095428,-0.1152120977640152,False
48,0.98,0.16964153945446014,-0.04677416756749153,-0.0073889573104679585,0.03212633356451988,0.16449768841266632,-0.10061723738908768,False
49,1.0,0.16964153945446014,-0.04677416756749153,-0.0073889573104679585,0.03210113197565079,0.17379523813724518,-0.09387732297182083,False
50,1.02,0.0076605877839028835,0.0812985748052597,0.014991356991231441,0.03269880637526512,0.18332131206989288,-0.09094931930303574,False
51,1.04,0.0076605877839028835,0.0812985748052597,0.014991356991231441,0.03402387350797653,0.19105008244514465,-0.09027697145938873,False
52,1.06,0.0076605877839028835,0.0812985748052597,0.014991356991231441,0.03403284400701523,0.20145688951015472,-0.08351104706525803,False
53,1.08,0.0076605877839028835,0.0812985748052597,0.014991356991231441,0.03353378549218178,0.2095452845096588,-0.07984677702188492,False
54,1.1,0.0076605877839028835,0.0812985748052597,0.014991356991231441,0.03145885095000267,0.21715684235095978,-0.08173833787441254,False
55,1.12,0.0076605877839028835,0.0812985748052597,0.014991356991231441,0.031225664541125298,0.22452321648597717,-0.08121789991855621,False
56,1.1400000000000001,0.0076605877839028835,0.0812985748052597,0.014991356991231441,0.03276216611266136,0.2317390888929367,-0.08899189531803131,False
57,1.16,0.0076605877839028835,0.0812985748052597,0.014991356991231441,0.033795833587646484,0.23817317187786102,-0.09123630821704865,False
58,1.18,0.0076605877839028835,0.0812985748052597,0.014991356991231441,0.03511505573987961,0.24422508478164673,-0.0980619266629219,False
59,1.2,0.0076605877839028835,0.0812985748052597,0.014991356991231441,0.03535615652799606,0.24955864250659943,-0.09173298627138138,False
60,1.22,0.0076605877839028835,0.0812985748052597,0.014991356991231441,0.03624161705374718,0.25504904985427856,-0.08376764506101608,False
61,1.24,0.0076605877839028835,0.0812985748052597,0.014991356991231441,0.03788738697767258,0.26038020849227905,-0.07473976165056229,False
62,1.26,0.0076605877839028835,0.0812985748052597,0.014991356991231441,0.039842940866947174,0.2653844654560089,-0.0660870149731636,False
63,1.28,0.0076605877839028835,0.0812985748052597,0.014991356991231441,0.041305720806121826,0.26959675550460815,-0.05219525843858719,False
64,1.3,0.0076605877839028835,0.0812985748052597,0.014991356991231441,0.042528435587882996,0.2734058201313019,-0.03506092727184296,False
65,1.32,0.0076605877839028835,0.0812985748052597,0.014991356991231441,0.04430857300758362,0.27728694677352905,-0.014105615206062794,False
66,1.34,0.0076605877839028835,0.0812985748052597,0.014991356991231441,0.045406755059957504,0.281003475189209,0.007937558926641941,False
67,1.36,0.0076605877839028835,0.0812985748052597,0.014991356991231441,0.04400109127163887,0.2853102684020996,0.023980475962162018,False
68,1.3800000000000001,0.0076605877839028835,0.0812985748052597,0.014991356991231441,0.043784238398075104,0.29087188839912415,0.027329284697771072,False
69,1.4000000000000001,0.0076605877839028835,0.0812985748052597,0.014991356991231441,0.04552901163697243,0.29535695910453796,0.03618971258401871,False
70,1.42,0.0076605877839028835,0.0812985748052597,0.014991356991231441,0.04844997450709343,0.29946184158325195,0.039682839065790176,False
71,1.44,0.0076605877839028835,0.0812985748052597,0.014991356991231441,0.0526556596159935,0.3032239079475403,0.05579589307308197,False
72,1.46,0.0076605877839028835,0.0812985748052597,0.014991356991231441,0.05565394461154938,0.3080432713031769,0.06729557365179062,False
73,1.48,0.0076605877839028835,0.0812985748052597,0.014991356991231441,0.05846908688545227,0.3126427233219147,0.08129964023828506,False
74,1.5,0.0076605877839028835,0.0812985748052597,0.014991356991231441,0.0606996975839138,0.31847670674324036,0.10110631585121155,False
75,1.52,0.431799978017807,0.029106659814715385,-0.022254103794693947,0.062027886509895325,0.32446905970573425,0.11894502490758896,False
76,1.54,0.431799978017807,0.029106659814715385,-0.022254103794693947,0.06396454572677612,0.330142080783844,0.1302475929260254,False
77,1.56,0.431799978017807,0.029106659814715385,-0.022254103794693947,0.06508374214172363,0.3388248085975647,0.14024889469146729,False
78,1.58,0.431799978017807,0.029106659814715385,-0.022254103794693947,0.0682782530784607,0.34647396206855774,0.15114469826221466,False
79,1.6,0.431799978017807,0.029106659814715385,-0.022254103794693947,0.07172360271215439,0.35173845291137695,0.14578749239444733,False
80,1.62,0.431799978017807,0.029106659814715385,-0.022254103794693947,0.07540663331747055,0.360172837972641,0.14943000674247742,False
81,1.6400000000000001,0.431799978017807,0.029106659814715385,-0.022254103794693947,0.08132684975862503,0.36573734879493713,0.14459477365016937,False
82,1.6600000000000001,0.431799978017807,0.029106659814715385,-0.022254103794693947,0.08754115551710129,0.3723390996456146,0.1361512392759323,False
83,1.68,0.431799978017807,0.029106659814715385,-0.022254103794693947,0.09356697648763657,0.37648698687553406,0.12091876566410065,False
84,1.7,0.431799978017807,0.029106659814715385,-0.022254103794693947,0.10002506524324417,0.3827349841594696,0.1052606850862503,False
85,1.72,0.431799978017807,0.029106659814715385,-0.022254103794693947,0.10622914135456085,0.38786453008651733,0.08719430863857269,False
86,1.74,0.431799978017807,0.029106659814715385,-0.022254103794693947,0.1127648875117302,0.39163142442703247,0.06859094649553299,False
87,1.76,0.431799978017807,0.029106659814715385,-0.022254103794693947,0.11870923638343811,0.3961278796195984,0.05592913553118706,False
88,1.78,0.431799978017807,0.029106659814715385,-0.022254103794693947,0.12543247640132904,0.39772292971611023,0.016820484772324562,False
89,1.8,0.431799978017807,0.029106659814715385,-0.022254103794693947,0.13224200904369354,0.4017844796180725,-0.004047746304422617,False
90,1.82,0.431799978017807,0.029106659814715385,-0.022254103794693947,0.13901188969612122,0.40602394938468933,-0.009633825160562992,False
91,1.84,0.431799978017807,0.029106659814715385,-0.022254103794693947,0.14612546563148499,0.4084135890007019,-0.03340800479054451,False
92,1.86,0.431799978017807,0.029106659814715385,-0.022254103794693947,0.15433326363563538,0.41147488355636597,-0.035561930388212204,False
93,1.8800000000000001,0.431799978017807,0.029106659814715385,-0.022254103794693947,0.16269619762897491,0.41504988074302673,-0.026017887517809868,False
94,1.9000000000000001,0.431799978017807,0.029106659814715385,-0.022254103794693947,0.17135970294475555,0.4168391823768616,-0.030644072219729424,False
95,1.92,0.431799978017807,0.029106659814715385,-0.022254103794693947,0.179504856467247,0.41960591077804565,-0.02971596084535122,False
96,1.94,0.431799978017807,0.029106659814715385,-0.022254103794693947,0.18648861348628998,0.42238813638687134,-0.012129301205277443,False
97,1.96,0.431799978017807,0.029106659814715385,-0.022254103794693947,0.19287718832492828,0.42580437660217285,0.004096226766705513,False
98,1.98,0.431799978017807,0.029106659814715385,-0.022254103794693947,0.20087537169456482,0.4279240071773529,0.0197721216827631,False
99,2.0,0.431799978017807,0.029106659814715385,-0.022254103794693947,0.20893435180187225,0.4292052090167999,0.0359383299946785,False
100,2.02,0.6486766338348389,0.06175379082560539,-0.5162187814712524,0.21688713133335114,0.4296213984489441,0.05903174728155136,False
101,2.04,0.6486766338348389,0.06175379082560539,-0.5162187814712524,0.22339820861816406,0.43111181259155273,0.06930297613143921,False
102,2.06,0.6486766338348389,0.06175379082560539,-0.5162187814712524,0.23101164400577545,0.4321463704109192,0.0802123174071312,False
103,2.08,0.6486766338348389,0.06175379082560539,-0.5162187814712524,0.23806044459342957,0.4347398281097412,0.0837363600730896,False
104,2.1,0.6486766338348389,0.06175379082560539,-0.5162187814712524,0.24461765587329865,0.43868592381477356,0.07220273464918137,False
105,2.12,0.6486766338348389,0.06175379082560539,-0.5162187814712524,0.2521631419658661,0.44241786003112793,0.07364904880523682,False
106,2.14,0.6486766338348389,0.06175379082560539,-0.5162187814712524,0.25941088795661926,0.4470428228378296,0.06789492815732956,False
107,2.16,0.6486766338348389,0.06175379082560539,-0.5162187814712524,0.2669600248336792,0.45211321115493774,0.06171293929219246,False
108,2.18,0.6486766338348389,0.06175379082560539,-0.5162187814712524,0.275615930557251,0.45732253789901733,0.05533665791153908,False
109,2.2,0.6486766338348389,0.06175379082560539,-0.5162187814712524,0.28380778431892395,0.4616778492927551,0.05703139305114746,False
110,2.22,0.6486766338348389,0.06175379082560539,-0.5162187814712524,0.29288047552108765,0.467719703912735,0.05249716714024544,False
111,2.24,0.6486766338348389,0.06175379082560539,-0.5162187814712524,0.3014223873615265,0.4734584093093872,0.05352845788002014,False
112,2.2600000000000002,0.6486766338348389,0.06175379082560539,-0.5162187814712524,0.3102632761001587,0.4779546856880188,0.04718839377164841,False
113,2.2800000000000002,0.6486766338348389,0.06175379082560539,-0.5162187814712524,0.317544549703598,0.4850442111492157,0.049137771129608154,False
114,2.3000000000000003,0.6486766338348389,0.06175379082560539,-0.5162187814712524,0.3271562457084656,0.4911419451236725,0.04430176690220833,False
115,2.32,0.6486766338348389,0.06175379082560539,-0.5162187814712524,0.33640095591545105,0.4968152344226837,0.024274179711937904,False
116,2.34,0.6486766338348389,0.06175379082560539,-0.5162187814712524,0.3442693054676056,0.5015851855278015,0.014561145566403866,False
117,2.36,0.6486766338348389,0.06175379082560539,-0.5162187814712524,0.3518141508102417,0.5058478116989136,0.0036295040044933558,False
118,2.38,0.6486766338348389,0.06175379082560539,-0.5162187814712524,0.36077481508255005,0.5106953382492065,-0.015430423431098461,False
119,2.4,0.6486766338348389,0.06175379082560539,-0.5162187814712524,0.369160920381546,0.5148888826370239,-0.027930915355682373,False
120,2.42,0.6486766338348389,0.06175379082560539,-0.5162187814712524,0.3775380849838257,0.5179633498191833,-0.046409547328948975,False
121,2.44,0.6486766338348389,0.06175379082560539,-0.5162187814712524,0.3867398798465729,0.5215820670127869,-0.061698514968156815,False
122,2.46,0.6486766338348389,0.06175379082560539,-0.5162187814712524,0.3954050838947296,0.5240410566329956,-0.07867906242609024,False
123,2.48,0.6486766338348389,0.06175379082560539,-0.5162187814712524,0.404166579246521,0.5263481736183167,-0.09571639448404312,False
124,2.5,0.6486766338348389,0.06175379082560539,-0.5162187814712524,0.4135531187057495,0.528984785079956,-0.11230403184890747,False
125,2.52,0.5854856371879578,0.06423667818307877,-0.493794709444046,0.42273300886154175,0.5303480625152588,-0.1339830607175827,False
126,2.54,0.5854856371879578,0.06423667818307877,-0.493794709444046,0.43212372064590454,0.5314763784408569,-0.14734937250614166,False
127,2.56,0.5854856371879578,0.06423667818307877,-0.493794709444046,0.4422730505466461,0.5324404239654541,-0.15652962028980255,False
128,2.58,0.5854856371879578,0.06423667818307877,-0.493794709444046,0.45253321528434753,0.533175528049469,-0.15853619575500488,False
129,2.6,0.5854856371879578,0.06423667818307877,-0.493794709444046,0.46267780661582947,0.532650887966156,-0.16502071917057037,False
130,2.62,0.5854856371879578,0.06423667818307877,-0.493794709444046,0.47423985600471497,0.5327743887901306,-0.1640046089887619,False
131,2.64,0.5854856371879578,0.06423667818307877,-0.493794709444046,0.48494893312454224,0.5311224460601807,-0.1706126183271408,False
132,2.66,0.5854856371879578,0.06423667818307877,-0.493794709444046,0.4961977005004883,0.5310270190238953,-0.17096185684204102,False
133,2.68,0.5854856371879578,0.06423667818307877,-0.493794709444046,0.5065327882766724,0.5317354202270508,-0.16008372604846954,False
134,2.7,0.5854856371879578,0.06423667818307877,-0.493794709444046,0.5168532729148865,0.5323928594589233,-0.16667360067367554,False
135,2.72,0.5854856371879578,0.06423667818307877,-0.493794709444046,0.5279530882835388,0.5323669910430908,-0.16541476547718048,False
136,2.74,0.5854856371879578,0.06423667818307877,-0.493794709444046,0.5393091440200806,0.5298995971679688,-0.1646287441253662,False
137,2.7600000000000002,0.5854856371879578,0.06423667818307877,-0.493794709444046,0.5501167178153992,0.5274683237075806,-0.1690385341644287,False
138,2.7800000000000002,0.5854856371879578,0.06423667818307877,-0.493794709444046,0.5611174702644348,0.5267038345336914,-0.16041111946105957,False
139,2.8000000000000003,0.5854856371879578,0.06423667818307877,-0.493794709444046,0.5720722675323486,0.5255373120307922,-0.152455672621727,False
140,2.82,0.5854856371879578,0.06423667818307877,-0.493794709444046,0.5837443470954895,0.5238363146781921,-0.148903951048851,False
141,2.84,0.5854856371879578,0.06423667818307877,-0.493794709444046,0.5958529710769653,0.5233801603317261,-0.14122672379016876,False
142,2.86,0.5854856371879578,0.06423667818307877,-0.493794709444046,0.6089215278625488,0.5227900743484497,-0.1396382749080658,False
143,2.88,0.5854856371879578,0.06423667818307877,-0.493794709444046,0.6226547360420227,0.5244861245155334,-0.11764488369226456,False
144,2.9,0.5854856371879578,0.06423667818307877,-0.493794709444046,0.6380080580711365,0.525053858757019,-0.11517070978879929,False
145,2.92,0.5854856371879578,0.06423667818307877,-0.493794709444046,0.6530575752258301,0.525483250617981,-0.11791601032018661,False
146,2.94,0.5854856371879578,0.06423667818307877,-0.493794709444046,0.6654313802719116,0.5257424712181091,-0.11090081185102463,False
147,2.96,0.5854856371879578,0.06423667818307877,-0.493794709444046,0.67816561460495,0.5269772410392761,-0.13842099905014038,False
148,2.98,0.5854856371879578,0.06423667818307877,-0.493794709444046,0.6892458200454712,0.5257980227470398,-0.1432381123304367,False
149,3.0,0.5854856371879578,0.06423667818307877,-0.493794709444046,0.7004984617233276,0.5257903337478638,-0.1660277545452118,False
150,3.02,0.5886556506156921,0.06558088958263397,-0.49589499831199646,0.7115576863288879,0.5258300304412842,-0.17955727875232697,False
151,3.04,0.5886556506156921,0.06558088958263397,-0.49589499831199646,0.7223776578903198,0.525165319442749,-0.1952381730079651,False
152,3.06,0.5886556506156921,0.06558088958263397,-0.49589499831199646,0.7331626415252686,0.5233848094940186,-0.2146070897579193,False
153,3.08,0.5886556506156921,0.06558088958263397,-0.49589499831199646,0.74456387758255,0.5225194096565247,-0.23651260137557983,False
154,3.1,0.5886556506156921,0.06558088958263397,-0.49589499831199646,0.7539022564888,0.5190737247467041,-0.26037847995758057,False
155,3.12,0.5886556506156921,0.06558088958263397,-0.49589499831199646,0.7639639973640442,0.5175513029098511,-0.2782186269760132,False
156,3.14,0.5886556506156921,0.06558088958263397,-0.49589499831199646,0.7740017771720886,0.5150430798530579,-0.30317696928977966,False
157,3.16,0.5886556506156921,0.06558088958263397,-0.49589499831199646,0.7854018211364746,0.5129327774047852,-0.3219537138938904,False
158,3.18,0.5886556506156921,0.06558088958263397,-0.49589499831199646,0.7960222363471985,0.5091966390609741,-0.33501917123794556,False
159,3.2,0.5886556506156921,0.06558088958263397,-0.49589499831199646,0.807835042476654,0.5062214136123657,-0.3427145779132843,False
160,3.22,0.5886556506156921,0.06558088958263397,-0.49589499831199646,0.8183801770210266,0.501505434513092,-0.35190349817276,False
161,3.24,0.5886556506156921,0.06558088958263397,-0.49589499831199646,0.830439567565918,0.4975336790084839,-0.35153958201408386,False
162,3.2600000000000002,0.5886556506156921,0.06558088958263397,-0.49589499831199646,0.8424770832061768,0.49120718240737915,-0.37064099311828613,False
163,3.2800000000000002,0.5886556506156921,0.06558088958263397,-0.49589499831199646,0.8555546402931213,0.48547467589378357,-0.3715706169605255,False
164,3.3000000000000003,0.5886556506156921,0.06558088958263397,-0.49589499831199646,0.8684003949165344,0.4791305661201477,-0.36683762073516846,False
165,3.3200000000000003,0.5886556506156921,0.06558088958263397,-0.49589499831199646,0.8800378441810608,0.4727352261543274,-0.36634930968284607,False
166,3.34,0.5886556506156921,0.06558088958263397,-0.49589499831199646,0.8908491134643555,0.46675732731819153,-0.36014801263809204,False
167,3.36,0.5886556506156921,0.06558088958263397,-0.49589499831199646,0.9016555547714233,0.45859217643737793,-0.3537440001964569,False
168,3.38,0.5886556506156921,0.06558088958263397,-0.49589499831199646,0.9128448963165283,0.4506259262561798,-0.34793564677238464,False
169,3.4,0.5886556506156921,0.06558088958263397,-0.49589499831199646,0.9242063164710999,0.44105517864227295,-0.33129963278770447,False
170,3.42,0.5886556506156921,0.06558088958263397,-0.49589499831199646,0.9350912570953369,0.43112877011299133,-0.3099733293056488,False
171,3.44,0.5886556506156921,0.06558088958263397,-0.49589499831199646,0.9445881843566895,0.42291489243507385,-0.2964976131916046,False
172,3.46,0.5886556506156921,0.06558088958263397,-0.49589499831199646,0.9541363716125488,0.4140908122062683,-0.2843298316001892,False
173,3.48,0.5886556506156921,0.06558088958263397,-0.49589499831199646,0.9640301465988159,0.4047550559043884,-0.28106334805488586,False
174,3.5,0.5886556506156921,0.06558088958263397,-0.49589499831199646,0.9743701815605164,0.3957130014896393,-0.2827041447162628,False
175,3.52,0.36265167593955994,0.06106461584568024,-0.4565357565879822,0.9845672249794006,0.3880731463432312,-0.2748650908470154,False
176,3.54,0.36265167593955994,0.06106461584568024,-0.4565357565879822,0.9945011734962463,0.37950339913368225,-0.2701234221458435,False
177,3.56,0.36265167593955994,0.06106461584568024,-0.4565357565879822,1.0021306276321411,0.3706744313240051,-0.2915830910205841,False
178,3.58,0.36265167593955994,0.06106461584568024,-0.4565357565879822,1.0055195093154907,0.3596454858779907,-0.3592565953731537,False
179,3.6,0.36265167593955994,0.06106461584568024,-0.4565357565879822,1.0133752822875977,0.3525574207305908,-0.4405919015407562,False
180,3.62,0.36265167593955994,0.06106461584568024,-0.4565357565879822,1.0206650495529175,0.34605446457862854,-0.47051140666007996,False
181,3.64,0.36265167593955994,0.06106461584568024,-0.4565357565879822,1.029091477394104,0.33986327052116394,-0.4881194531917572,False
182,3.66,0.36265167593955994,0.06106461584568024,-0.4565357565879822,1.0380055904388428,0.33253365755081177,-0.500599205493927,False
183,3.68,0.36265167593955994,0.06106461584568024,-0.4565357565879822,1.0472427606582642,0.32398128509521484,-0.5117073655128479,False
184,3.7,0.36265167593955994,0.06106461584568024,-0.4565357565879822,1.0557507276535034,0.31312277913093567,-0.5309509634971619,False
185,3.72,0.36265167593955994,0.06106461584568024,-0.4565357565879822,1.065082311630249,0.3026553988456726,-0.5484876036643982,False
186,3.74,0.36265167593955994,0.06106461584568024,-0.4565357565879822,1.0734503269195557,0.29318252205848694,-0.5637441277503967,False
187,3.7600000000000002,0.36265167593955994,0.06106461584568024,-0.4565357565879822,1.0800366401672363,0.2848585247993469,-0.5753136277198792,False
188,3.7800000000000002,0.36265167593955994,0.06106461584568024,-0.4565357565879822,1.0861856937408447,0.27751705050468445,-0.5700272917747498,False
189,3.8000000000000003,0.36265167593955994,0.06106461584568024,-0.4565357565879822,1.09188973903656,0.2721356153488159,-0.5804401636123657,False
190,3.8200000000000003,0.36265167593955994,0.06106461584568024,-0.4565357565879822,1.0976011753082275,0.2664565443992615,-0.5810227990150452,False
191,3.84,0.36265167593955994,0.06106461584568024,-0.4565357565879822,1.1031454801559448,0.26143789291381836,-0.5790289640426636,False
192,3.86,0.36265167593955994,0.06106461584568024,-0.4565357565879822,1.1088608503341675,0.2561508119106293,-0.5845525860786438,False
193,3.88,0.36265167593955994,0.06106461584568024,-0.4565357565879822,1.1147308349609375,0.2512827515602112,-0.5972855687141418,False
194,3.9,0.36265167593955994,0.06106461584568024,-0.4565357565879822,1.1209261417388916,0.24681107699871063,-0.619830310344696,False
195,3.92,0.36265167593955994,0.06106461584568024,-0.4565357565879822,1.1272097826004028,0.24238243699073792,-0.6410109996795654,False
196,3.94,0.36265167593955994,0.06106461584568024,-0.4565357565879822,1.1331114768981934,0.23870569467544556,-0.6632046103477478,False
197,3.96,0.36265167593955994,0.06106461584568024,-0.4565357565879822,1.1388808488845825,0.23455511033535004,-0.6847968697547913,False
198,3.98,0.36265167593955994,0.06106461584568024,-0.4565357565879822,1.1443904638290405,0.22910580039024353,-0.6909735202789307,False
199,4.0,0.36265167593955994,0.06106461584568024,-0.4565357565879822,1.1487488746643066,0.22590962052345276,-0.718968391418457,False
200,4.0200000000000005,0.2019115686416626,0.05189108848571777,-0.5048614144325256,1.1510850191116333,0.220828115940094,-0.7299550771713257,False
201,4.04,0.2019115686416626,0.05189108848571777,-0.5048614144325256,1.156232476234436,0.21549542248249054,-0.7452565431594849,False
202,4.0600000000000005,0.2019115686416626,0.05189108848571777,-0.5048614144325256,1.1620162725448608,0.20954200625419617,-0.7560327649116516,False
203,4.08,0.2019115686416626,0.05189108848571777,-0.5048614144325256,1.169742465019226,0.20243076980113983,-0.7706642746925354,False
204,4.1,0.2019115686416626,0.05189108848571777,-0.5048614144325256,1.177337408065796,0.19422754645347595,-0.7869357466697693,False
205,4.12,0.2019115686416626,0.05189108848571777,-0.5048614144325256,1.1862196922302246,0.18610365688800812,-0.8031988143920898,False
206,4.14,0.2019115686416626,0.05189108848571777,-0.5048614144325256,1.1925443410873413,0.17604535818099976,-0.8333807587623596,False
207,4.16,0.2019115686416626,0.05189108848571777,-0.5048614144325256,1.2002590894699097,0.16591212153434753,-0.8676155805587769,False
208,4.18,0.2019115686416626,0.05189108848571777,-0.5048614144325256,1.2072604894638062,0.15526100993156433,-0.8986173868179321,False
209,4.2,0.2019115686416626,0.05189108848571777,-0.5048614144325256,1.2128664255142212,0.1451222449541092,-0.9163498282432556,False
210,4.22,0.2019115686416626,0.05189108848571777,-0.5048614144325256,1.2180715799331665,0.13993783295154572,-0.9249087572097778,False
211,4.24,0.2019115686416626,0.05189108848571777,-0.5048614144325256,1.2221013307571411,0.1345454305410385,-0.915540874004364,False
212,4.26,0.2019115686416626,0.05189108848571777,-0.5048614144325256,1.2261936664581299,0.1297139674425125,-0.9178894758224487,False
213,4.28,0.2019115686416626,0.05189108848571777,-0.5048614144325256,1.2307114601135254,0.12265359610319138,-0.918851375579834,False
214,4.3,0.2019115686416626,0.05189108848571777,-0.5048614144325256,1.2354062795639038,0.11668828874826431,-0.9229464530944824,False
215,4.32,0.2019115686416626,0.05189108848571777,-0.5048614144325256,1.2403717041015625,0.10983472317457199,-0.9165425896644592,False
216,4.34,0.2019115686416626,0.05189108848571777,-0.5048614144325256,1.2458841800689697,0.102991983294487,-0.9196035861968994,False
217,4.36,0.2019115686416626,0.05189108848571777,-0.5048614144325256,1.2524887323379517,0.0982937216758728,-0.9277934432029724,False
218,4.38,0.2019115686416626,0.05189108848571777,-0.5048614144325256,1.2587584257125854,0.09216029196977615,-0.9384861588478088,False
219,4.4,0.2019115686416626,0.05189108848571777,-0.5048614144325256,1.2650490999221802,0.08577360212802887,-0.9519901871681213,False
220,4.42,0.2019115686416626,0.05189108848571777,-0.5048614144325256,1.2718909978866577,0.08048523217439651,-0.9667287468910217,False
221,4.44,0.2019115686416626,0.05189108848571777,-0.5048614144325256,1.2802263498306274,0.07548685371875763,-0.9689756035804749,False
222,4.46,0.2019115686416626,0.05189108848571777,-0.5048614144325256,1.2884198427200317,0.06880360841751099,-0.9785670638084412,False
223,4.48,0.2019115686416626,0.05189108848571777,-0.5048614144325256,1.2975298166275024,0.0631038248538971,-0.9829127788543701,False
224,4.5,0.2019115686416626,0.05189108848571777,-0.5048614144325256,1.3067889213562012,0.056079376488924026,-0.9878601431846619,False
225,4.5200000000000005,0.4173775613307953,-0.010161788202822208,-0.08938125520944595,1.3163299560546875,0.05025516077876091,-0.9877229332923889,False
226,4.54,0.4173775613307953,-0.010161788202822208,-0.08938125520944595,1.3269706964492798,0.04250410571694374,-0.9957804679870605,False
227,4.5600000000000005,0.4173775613307953,-0.010161788202822208,-0.08938125520944595,1.336478352546692,0.036001916974782944,-0.992267906665802,False
228,4.58,0.4173775613307953,-0.010161788202822208,-0.08938125520944595,1.3465640544891357,0.030687754973769188,-1.0020296573638916,False
229,4.6000000000000005,0.4173775613307953,-0.010161788202822208,-0.08938125520944595,1.35530686378479,0.025647997856140137,-1.0159533023834229,False
230,4.62,0.4173775613307953,-0.010161788202822208,-0.08938125520944595,1.362729787826538,0.020701559260487556,-1.0274944305419922,False
231,4.64,0.4173775613307953,-0.010161788202822208,-0.08938125520944595,1.3690836429595947,0.015744028612971306,-1.0270495414733887,False
232,4.66,0.4173775613307953,-0.010161788202822208,-0.08938125520944595,1.3762991428375244,0.010716131888329983,-1.044674277305603,False
233,4.68,0.4173775613307953,-0.010161788202822208,-0.08938125520944595,1.381711721420288,0.005931952968239784,-1.0532805919647217,False
234,4.7,0.4173775613307953,-0.010161788202822208,-0.08938125520944595,1.38785982131958,0.0007808132795616984,-1.0622388124465942,False
235,4.72,0.4173775613307953,-0.010161788202822208,-0.08938125520944595,1.3943101167678833,-0.004672533366829157,-1.0697834491729736,False
236,4.74,0.4173775613307953,-0.010161788202822208,-0.08938125520944595,1.4006708860397339,-0.010166602209210396,-1.071305751800537,False
237,4.76,0.4173775613307953,-0.010161788202822208,-0.08938125520944595,1.4073896408081055,-0.016048476099967957,-1.0749856233596802,False
238,4.78,0.4173775613307953,-0.010161788202822208,-0.08938125520944595,1.4131114482879639,-0.022234156727790833,-1.0721683502197266,False
239,4.8,0.4173775613307953,-0.010161788202822208,-0.08938125520944595,1.4201512336730957,-0.028659142553806305,-1.0744746923446655,False
240,4.82,0.4173775613307953,-0.010161788202822208,-0.08938125520944595,1.425773024559021,-0.035614609718322754,-1.0708235502243042,False
241,4.84,0.4173775613307953,-0.010161788202822208,-0.08938125520944595,1.4330533742904663,-0.0434868223965168,-1.0724385976791382,False
242,4.86,0.4173775613307953,-0.010161788202822208,-0.08938125520944595,1.4384429454803467,-0.05049107223749161,-1.0674335956573486,False
243,4.88,0.4173775613307953,-0.010161788202822208,-0.08938125520944595,1.4454612731933594,-0.05535513907670975,-1.0546107292175293,False
244,4.9,0.4173775613307953,-0.010161788202822208,-0.08938125520944595,1.4521472454071045,-0.061061564832925797,-1.0409501791000366,False
245,4.92,0.4173775613307953,-0.010161788202822208,-0.08938125520944595,1.4574837684631348,-0.06918560713529587,-1.0339113473892212,False
246,4.94,0.4173775613307953,-0.010161788202822208,-0.08938125520944595,1.4637447595596313,-0.0756249651312828,-1.0297753810882568,False
247,4.96,0.4173775613307953,-0.010161788202822208,-0.08938125520944595,1.4705991744995117,-0.08179480582475662,-1.0244624614715576,False
248,4.98,0.4173775613307953,-0.010161788202822208,-0.08938125520944595,1.4782429933547974,-0.08808792382478714,-1.0178413391113281,False
249,5.0,0.4173775613307953,-0.010161788202822208,-0.08938125520944595,1.4865330457687378,-0.09450431168079376,-1.0106174945831299,False
250,5.0200000000000005,0.42991748452186584,-0.007966787554323673,-0.037779808044433594,1.4964466094970703,-0.09965381026268005,-0.9989880919456482,False
251,5.04,0.42991748452186584,-0.007966787554323673,-0.037779808044433594,1.506361961364746,-0.10551884025335312,-0.9893349409103394,False
252,5.0600000000000005,0.42991748452186584,-0.007966787554323673,-0.037779808044433594,1.518011212348938,-0.10979659110307693,-0.9673734903335571,False
253,5.08,0.42991748452186584,-0.007966787554323673,-0.037779808044433594,1.52886164188385,-0.11596500128507614,-0.9567962288856506,False
254,5.1000000000000005,0.42991748452186584,-0.007966787554323673,-0.037779808044433594,1.5394412279129028,-0.12181005626916885,-0.9512839317321777,False
255,5.12,0.42991748452186584,-0.007966787554323673,-0.037779808044433594,1.5510854721069336,-0.1266719102859497,-0.9340375661849976,False
256,5.14,0.42991748452186584,-0.007966787554323673,-0.037779808044433594,1.5607635974884033,-0.1327914595603943,-0.9374246001243591,False
257,5.16,0.42991748452186584,-0.007966787554323673,-0.037779808044433594,1.5692670345306396,-0.13898614048957825,-0.9317619204521179,False
258,5.18,0.42991748452186584,-0.007966787554323673,-0.037779808044433594,1.5786776542663574,-0.14481152594089508,-0.9228578805923462,False
259,5.2,0.42991748452186584,-0.007966787554323673,-0.037779808044433594,1.5885052680969238,-0.15067660808563232,-0.926963746547699,False
260,5.22,0.42991748452186584,-0.007966787554323673,-0.037779808044433594,1.5963484048843384,-0.15652181208133698,-0.9197551012039185,False
261,5.24,0.42991748452186584,-0.007966787554323673,-0.037779808044433594,1.6051146984100342,-0.16287444531917572,-0.9287580251693726,False
262,5.26,0.42991748452186584,-0.007966787554323673,-0.037779808044433594,1.611784815788269,-0.1696450114250183,-0.9364436864852905,False
263,5.28,0.42991748452186584,-0.007966787554323673,-0.037779808044433594,1.6195385456085205,-0.17691123485565186,-0.9475871324539185,False
264,5.3,0.42991748452186584,-0.007966787554323673,-0.037779808044433594,1.6265639066696167,-0.1847800761461258,-0.9562352895736694,False
265,5.32,0.42991748452186584,-0.007966787554323673,-0.037779808044433594,1.633113980293274,-0.1927703320980072,-0.9638532996177673,False
266,5.34,0.42991748452186584,-0.007966787554323673,-0.037779808044433594,1.6404452323913574,-0.20078182220458984,-0.9718872308731079,False
267,5.36,0.42991748452186584,-0.007966787554323673,-0.037779808044433594,1.6464941501617432,-0.20923872292041779,-0.978884220123291,False
268,5.38,0.42991748452186584,-0.007966787554323673,-0.037779808044433594,1.653478980064392,-0.21770134568214417,-0.9803991317749023,False
269,5.4,0.42991748452186584,-0.007966787554323673,-0.037779808044433594,1.659149408340454,-0.22717052698135376,-0.9904735088348389,False
270,5.42,0.42991748452186584,-0.007966787554323673,-0.037779808044433594,1.6662943363189697,-0.2368009388446808,-0.9902228713035583,False
271,5.44,0.42991748452186584,-0.007966787554323673,-0.037779808044433594,1.671985149383545,-0.24691233038902283,-0.9911574125289917,False
272,5.46,0.42991748452186584,-0.007966787554323673,-0.037779808044433594,1.678497314453125,-0.2567151188850403,-0.9757840633392334,False
273,5.48,0.42991748452186584,-0.007966787554323673,-0.037779808044433594,1.6843268871307373,-0.2666143774986267,-0.9645789861679077,False
274,5.5,0.42991748452186584,-0.007966787554323673,-0.037779808044433594,1.6898853778839111,-0.2746322453022003,-0.9579686522483826,False
275,5.5200000000000005,0.3103136718273163,-0.03407090902328491,0.38471516966819763,1.6947144269943237,-0.2828323245048523,-0.929545521736145,False
276,5.54,0.3103136718273163,-0.03407090902328491,0.38471516966819763,1.6985732316970825,-0.29089245200157166,-0.9081739783287048,False
277,5.5600000000000005,0.3103136718273163,-0.03407090902328491,0.38471516966819763,1.7018250226974487,-0.2992702126502991,-0.8943186402320862,False
278,5.58,0.3103136718273163,-0.03407090902328491,0.38471516966819763,1.7050058841705322,-0.3070693910121918,-0.8873278498649597,False
279,5.6000000000000005,0.3103136718273163,-0.03407090902328491,0.38471516966819763,1.707850456237793,-0.31571149826049805,-0.8715003728866577,False
280,5.62,0.3103136718273163,-0.03407090902328491,0.38471516966819763,1.7107239961624146,-0.3238109052181244,-0.8593742251396179,False
281,5.64,0.3103136718273163,-0.03407090902328491,0.38471516966819763,1.714223027229309,-0.3307669460773468,-0.8521212339401245,False
282,5.66,0.3103136718273163,-0.03407090902328491,0.38471516966819763,1.718335747718811,-0.3391190469264984,-0.8486395478248596,False
283,5.68,0.3103136718273163,-0.03407090902328491,0.38471516966819763,1.7227479219436646,-0.3458327353000641,-0.8528006076812744,False
284,5.7,0.3103136718273163,-0.03407090902328491,0.38471516966819763,1.7271348237991333,-0.3540325462818146,-0.8543965220451355,False
285,5.72,0.3103136718273163,-0.03407090902328491,0.38471516966819763,1.7324271202087402,-0.3611019253730774,-0.8576409220695496,False
286,5.74,0.3103136718273163,-0.03407090902328491,0.38471516966819763,1.7379343509674072,-0.3686840236186981,-0.857120156288147,False
287,5.76,0.3103136718273163,-0.03407090902328491,0.38471516966819763,1.7440897226333618,-0.37762579321861267,-0.8499219417572021,False
288,5.78,0.3103136718273163,-0.03407090902328491,0.38471516966819763,1.7505457401275635,-0.38612350821495056,-0.8499083518981934,False
289,5.8,0.3103136718273163,-0.03407090902328491,0.38471516966819763,1.7552907466888428,-0.39397820830345154,-0.8582368493080139,False
290,5.82,0.3103136718273163,-0.03407090902328491,0.38471516966819763,1.7570595741271973,-0.40183591842651367,-0.8729150891304016,False
291,5.84,0.3103136718273163,-0.03407090902328491,0.38471516966819763,1.762392282485962,-0.40893760323524475,-0.8968982100486755,False
292,5.86,0.3103136718273163,-0.03407090902328491,0.38471516966819763,1.7694952487945557,-0.41604748368263245,-0.9127973914146423,False
293,5.88,0.3103136718273163,-0.03407090902328491,0.38471516966819763,1.775227427482605,-0.42327651381492615,-0.9171717166900635,False
294,5.9,0.3103136718273163,-0.03407090902328491,0.38471516966819763,1.7795894145965576,-0.4304388463497162,-0.9171464443206787,False
295,5.92,0.3103136718273163,-0.03407090902328491,0.38471516966819763,1.7826162576675415,-0.4380594789981842,-0.9223374128341675,False
296,5.94,0.3103136718273163,-0.03407090902328491,0.38471516966819763,1.7873542308807373,-0.446304589509964,-0.9290561676025391,False
297,5.96,0.3103136718273163,-0.03407090902328491,0.38471516966819763,1.7906259298324585,-0.4554893970489502,-0.9344741702079773,False
298,5.98,0.3103136718273163,-0.03407090902328491,0.38471516966819763,1.7953208684921265,-0.4647410809993744,-0.9394240379333496,False
299,6.0,0.3103136718273163,-0.03407090902328491,0.38471516966819763,1.7990752458572388,-0.47442102432250977,-0.9398847818374634,False
300,6.0200000000000005,0.27196651697158813,-0.06005668267607689,0.35502782464027405,1.802379846572876,-0.48508530855178833,-0.9378449320793152,False
301,6.04,0.27196651697158813,-0.06005668267607689,0.35502782464027405,1.8068679571151733,-0.4955630600452423,-0.934414803981781,False
302,6.0600000000000005,0.27196651697158813,-0.06005668267607689,0.35502782464027405,1.8107643127441406,-0.5053295493125916,-0.9262755513191223,False
303,6.08,0.27196651697158813,-0.06005668267607689,0.35502782464027405,1.8135851621627808,-0.5136762261390686,-0.9173653721809387,False
304,6.1000000000000005,0.27196651697158813,-0.06005668267607689,0.35502782464027405,1.8171710968017578,-0.5185144543647766,-0.9120873212814331,False
305,6.12,0.27196651697158813,-0.06005668267607689,0.35502782464027405,1.8197598457336426,-0.5257914662361145,-0.9028031229972839,False
306,6.140000000000001,0.27196651697158813,-0.06005668267607689,0.35502782464027405,1.8226635456085205,-0.5323110222816467,-0.8904584646224976,False
307,6.16,0.27196651697158813,-0.06005668267607689,0.35502782464027405,1.8250577449798584,-0.539921224117279,-0.8802429437637329,False
308,6.18,0.27196651697158813,-0.06005668267607689,0.35502782464027405,1.8286104202270508,-0.54563307762146,-0.8746966123580933,False
309,6.2,0.27196651697158813,-0.06005668267607689,0.35502782464027405,1.831556797027588,-0.5528027415275574,-0.8703780770301819,False
310,6.22,0.27196651697158813,-0.06005668267607689,0.35502782464027405,1.8352859020233154,-0.558306872844696,-0.8654937744140625,False
311,6.24,0.27196651697158813,-0.06005668267607689,0.35502782464027405,1.8390103578567505,-0.5644049048423767,-0.8573594689369202,False
312,6.26,0.27196651697158813,-0.06005668267607689,0.35502782464027405,1.843408226966858,-0.5702347755432129,-0.8508561849594116,False
313,6.28,0.27196651697158813,-0.06005668267607689,0.35502782464027405,1.848596453666687,-0.5760449171066284,-0.8425002694129944,False
314,6.3,0.27196651697158813,-0.06005668267607689,0.35502782464027405,1.8537688255310059,-0.5827144384384155,-0.8399832844734192,False
315,6.32,0.27196651697158813,-0.06005668267607689,0.35502782464027405,1.859161376953125,-0.5893716216087341,-0.8316407799720764,False
316,6.34,0.27196651697158813,-0.06005668267607689,0.35502782464027405,1.8639298677444458,-0.597053050994873,-0.8182121515274048,False
317,6.36,0.27196651697158813,-0.06005668267607689,0.35502782464027405,1.8706661462783813,-0.6028391122817993,-0.8237806558609009,False
318,6.38,0.27196651697158813,-0.06005668267607689,0.35502782464027405,1.8785789012908936,-0.6079683303833008,-0.836574137210846,False
319,6.4,0.27196651697158813,-0.06005668267607689,0.35502782464027405,1.883448600769043,-0.6129888892173767,-0.8382928967475891,False
320,6.42,0.27196651697158813,-0.06005668267607689,0.35502782464027405,1.8878697156906128,-0.6177841424942017,-0.8396328091621399,False
321,6.44,0.27196651697158813,-0.06005668267607689,0.35502782464027405,1.893120527267456,-0.6223178505897522,-0.8452520966529846,False
322,6.46,0.27196651697158813,-0.06005668267607689,0.35502782464027405,1.898782730102539,-0.6271705627441406,-0.847507655620575,False
323,6.48,0.27196651697158813,-0.06005668267607689,0.35502782464027405,1.902374029159546,-0.632965624332428,-0.8467329144477844,False
324,6.5,0.27196651697158813,-0.06005668267607689,0.35502782464027405,1.9070934057235718,-0.6385441422462463,-0.8474791646003723,False
325,6.5200000000000005,0.17788636684417725,-0.06706186383962631,0.30498358607292175,1.9106141328811646,-0.6446605324745178,-0.8454716205596924,False
326,6.54,0.17788636684417725,-0.06706186383962631,0.30498358607292175,1.9156955480575562,-0.6515122056007385,-0.8468501567840576,False
327,6.5600000000000005,0.17788636684417725,-0.06706186383962631,0.30498358607292175,1.921787977218628,-0.6589495539665222,-0.8371139764785767,False
328,6.58,0.17788636684417725,-0.06706186383962631,0.30498358607292175,1.9274016618728638,-0.6661347150802612,-0.819136381149292,False
329,6.6000000000000005,0.17788636684417725,-0.06706186383962631,0.30498358607292175,1.9318369626998901,-0.6720273494720459,-0.7924538850784302,False
330,6.62,0.17788636684417725,-0.06706186383962631,0.30498358607292175,1.9356287717819214,-0.6728527545928955,-0.7867674827575684,False
331,6.640000000000001,0.17788636684417725,-0.06706186383962631,0.30498358607292175,1.9378331899642944,-0.6772047877311707,-0.7706897258758545,False
332,6.66,0.17788636684417725,-0.06706186383962631,0.30498358607292175,1.9403494596481323,-0.6808300018310547,-0.7632587552070618,False
333,6.68,0.17788636684417725,-0.06706186383962631,0.30498358607292175,1.9424935579299927,-0.6851235628128052,-0.7584952116012573,False
334,6.7,0.17788636684417725,-0.06706186383962631,0.30498358607292175,1.9443925619125366,-0.6897192597389221,-0.7557304501533508,False
335,6.72,0.17788636684417725,-0.06706186383962631,0.30498358607292175,1.946393370628357,-0.6914117336273193,-0.7571972608566284,False
336,6.74,0.17788636684417725,-0.06706186383962631,0.30498358607292175,1.9482300281524658,-0.6943055987358093,-0.7532217502593994,False
337,6.76,0.17788636684417725,-0.06706186383962631,0.30498358607292175,1.9512733221054077,-0.6965610384941101,-0.7491388916969299,False
338,6.78,0.17788636684417725,-0.06706186383962631,0.30498358607292175,1.9554980993270874,-0.698857307434082,-0.7432486414909363,False
339,6.8,0.17788636684417725,-0.06706186383962631,0.30498358607292175,1.9603798389434814,-0.701023280620575,-0.7409936189651489,False
340,6.82,0.17788636684417725,-0.06706186383962631,0.30498358607292175,1.9652414321899414,-0.7042320370674133,-0.734474778175354,False
341,6.84,0.17788636684417725,-0.06706186383962631,0.30498358607292175,1.9705618619918823,-0.7045115232467651,-0.7283036112785339,False
342,6.86,0.17788636684417725,-0.06706186383962631,0.30498358607292175,1.9748746156692505,-0.7067884206771851,-0.7233203053474426,False
343,6.88,0.17788636684417725,-0.06706186383962631,0.30498358607292175,1.980165958404541,-0.7067394256591797,-0.7225024104118347,False
344,6.9,0.17788636684417725,-0.06706186383962631,0.30498358607292175,1.9856367111206055,-0.7075924873352051,-0.719719648361206,False
345,6.92,0.17788636684417725,-0.06706186383962631,0.30498358607292175,1.9919792413711548,-0.7086552381515503,-0.716828465461731,False
346,6.94,0.17788636684417725,-0.06706186383962631,0.30498358607292175,1.9967130422592163,-0.7094109058380127,-0.7100112438201904,False
347,6.96,0.17788636684417725,-0.06706186383962631,0.30498358607292175,2.002032518386841,-0.7090922594070435,-0.71048504114151,False
348,6.98,0.17788636684417725,-0.06706186383962631,0.30498358607292175,2.005756378173828,-0.7097933292388916,-0.7179681658744812,False
349,7.0,0.17788636684417725,-0.06706186383962631,0.30498358607292175,2.0101747512817383,-0.7105187773704529,-0.7261034250259399,False
350,7.0200000000000005,0.1334250122308731,-0.06829720735549927,0.3573804497718811,2.013639450073242,-0.7116089463233948,-0.7338820099830627,False
351,7.04,0.1334250122308731,-0.06829720735549927,0.3573804497718811,2.018678665161133,-0.7123576998710632,-0.749528706073761,False
352,7.0600000000000005,0.1334250122308731,-0.06829720735549927,0.3573804497718811,2.021467447280884,-0.7142041921615601,-0.760572075843811,False
353,7.08,0.1334250122308731,-0.06829720735549927,0.3573804497718811,2.025787830352783,-0.7158491015434265,-0.771972119808197,False
354,7.1000000000000005,0.1334250122308731,-0.06829720735549927,0.3573804497718811,2.0298900604248047,-0.7175543308258057,-0.7759052515029907,False
355,7.12,0.1334250122308731,-0.06829720735549927,0.3573804497718811,2.0318827629089355,-0.72016441822052,-0.7802886962890625,False
356,7.140000000000001,0.1334250122308731,-0.06829720735549927,0.3573804497718811,2.0356826782226562,-0.722289502620697,-0.7813277244567871,False
357,7.16,0.1334250122308731,-0.06829720735549927,0.3573804497718811,2.039888858795166,-0.7250651121139526,-0.7750812768936157,False
358,7.18,0.1334250122308731,-0.06829720735549927,0.3573804497718811,2.0432913303375244,-0.7276710867881775,-0.7638099789619446,False
359,7.2,0.1334250122308731,-0.06829720735549927,0.3573804497718811,2.0466318130493164,-0.7266177535057068,-0.755833625793457,False
360,7.22,0.1334250122308731,-0.06829720735549927,0.3573804497718811,2.048100709915161,-0.7267059683799744,-0.7450475692749023,False
361,7.24,0.1334250122308731,-0.06829720735549927,0.3573804497718811,2.0493993759155273,-0.729184091091156,-0.7326684594154358,False
362,7.26,0.1334250122308731,-0.06829720735549927,0.3573804497718811,2.0512490272521973,-0.7302260994911194,-0.7298312187194824,False
363,7.28,0.1334250122308731,-0.06829720735549927,0.3573804497718811,2.052910327911377,-0.7318767309188843,-0.7337056398391724,False
364,7.3,0.1334250122308731,-0.06829720735549927,0.3573804497718811,2.05551815032959,-0.7304346561431885,-0.7393398880958557,False
365,7.32,0.1334250122308731,-0.06829720735549927,0.3573804497718811,2.0576775074005127,-0.730982780456543,-0.7426129579544067,False
366,7.34,0.1334250122308731,-0.06829720735549927,0.3573804497718811,2.0609710216522217,-0.7290835380554199,-0.7435836791992188,False
367,7.36,0.1334250122308731,-0.06829720735549927,0.3573804497718811,2.063997268676758,-0.7298473715782166,-0.7442710995674133,False
368,7.38,0.1334250122308731,-0.06829720735549927,0.3573804497718811,2.0684828758239746,-0.7274564504623413,-0.7433587312698364,False
369,7.4,0.1334250122308731,-0.06829720735549927,0.3573804497718811,2.072736978530884,-0.7273778915405273,-0.7478689551353455,False
370,7.42,0.1334250122308731,-0.06829720735549927,0.3573804497718811,2.077652931213379,-0.7246511578559875,-0.7535343766212463,False
371,7.44,0.1334250122308731,-0.06829720735549927,0.3573804497718811,2.0828616619110107,-0.7248152494430542,-0.750660240650177,False
372,7.46,0.1334250122308731,-0.06829720735549927,0.3573804497718811,2.0891127586364746,-0.7225773334503174,-0.7463681697845459,False
373,7.48,0.1334250122308731,-0.06829720735549927,0.3573804497718811,2.0934622287750244,-0.7223604917526245,-0.7405886054039001,False
374,7.5,0.1334250122308731,-0.06829720735549927,0.3573804497718811,2.0994083881378174,-0.7206352949142456,-0.7400894165039062,False
375,7.5200000000000005,0.10355500131845474,-0.06463334709405899,0.4069879949092865,2.1060171127319336,-0.7178463339805603,-0.7397019863128662,False
376,7.54,0.10355500131845474,-0.06463334709405899,0.4069879949092865,2.111204147338867,-0.7155608534812927,-0.7412000298500061,False
377,7.5600000000000005,0.10355500131845474,-0.06463334709405899,0.4069879949092865,2.1164653301239014,-0.7130700945854187,-0.7429787516593933,False
378,7.58,0.10355500131845474,-0.06463334709405899,0.4069879949092865,2.1222007274627686,-0.7105445265769958,-0.750031590461731,False
379,7.6000000000000005,0.10355500131845474,-0.06463334709405899,0.4069879949092865,2.12725830078125,-0.7082576751708984,-0.7599732875823975,False
380,7.62,0.10355500131845474,-0.06463334709405899,0.4069879949092865,2.1321957111358643,-0.7056885361671448,-0.7676265835762024,False
381,7.640000000000001,0.10355500131845474,-0.06463334709405899,0.4069879949092865,2.1367125511169434,-0.7035655379295349,-0.7639093399047852,False
382,7.66,0.10355500131845474,-0.06463334709405899,0.4069879949092865,2.142768621444702,-0.7015156149864197,-0.7598456740379333,False
383,7.68,0.10355500131845474,-0.06463334709405899,0.4069879949092865,2.148803949356079,-0.7002375721931458,-0.7463842630386353,False
384,7.7,0.10355500131845474,-0.06463334709405899,0.4069879949092865,2.157637119293213,-0.6998273134231567,-0.7360751032829285,False
385,7.72,0.10355500131845474,-0.06463334709405899,0.4069879949092865,2.1653504371643066,-0.6984630227088928,-0.7190391421318054,False
386,7.74,0.10355500131845474,-0.06463334709405899,0.4069879949092865,2.1721434593200684,-0.6940145492553711,-0.707323431968689,False
387,7.76,0.10355500131845474,-0.06463334709405899,0.4069879949092865,2.178535223007202,-0.691482663154602,-0.697364091873169,False
388,7.78,0.10355500131845474,-0.06463334709405899,0.4069879949092865,2.1855125427246094,-0.6888427138328552,-0.6872870326042175,False
389,7.8,0.10355500131845474,-0.06463334709405899,0.4069879949092865,2.1918063163757324,-0.6869586706161499,-0.6824404001235962,False
390,7.82,0.10355500131845474,-0.06463334709405899,0.4069879949092865,2.197875499725342,-0.6809909343719482,-0.6718973517417908,False
391,7.84,0.10355500131845474,-0.06463334709405899,0.4069879949092865,2.2035913467407227,-0.674812912940979,-0.6658990979194641,False
392,7.86,0.10355500131845474,-0.06463334709405899,0.4069879949092865,2.208646774291992,-0.6680061221122742,-0.6642200946807861,False
393,7.88,0.10355500131845474,-0.06463334709405899,0.4069879949092865,2.2142491340637207,-0.6623032689094543,-0.6555051803588867,False
394,7.9,0.10355500131845474,-0.06463334709405899,0.4069879949092865,2.218686819076538,-0.6598703265190125,-0.6482673287391663,False
395,7.92,0.10355500131845474,-0.06463334709405899,0.4069879949092865,2.2227463722229004,-0.6581430435180664,-0.6425194144248962,False
396,7.94,0.10355500131845474,-0.06463334709405899,0.4069879949092865,2.227832794189453,-0.6566802859306335,-0.6334518790245056,False
397,7.96,0.10355500131845474,-0.06463334709405899,0.4069879949092865,2.2319774627685547,-0.6558308005332947,-0.626086950302124,False
398,7.98,0.10355500131845474,-0.06463334709405899,0.4069879949092865,2.2348530292510986,-0.6551945805549622,-0.6187306046485901,False
399,8.0,0.10355500131845474,-0.06463334709405899,0.4069879949092865,2.2366678714752197,-0.6551933288574219,-0.6098287105560303,False
400,8.02,0.1515321582555771,0.0416065976023674,0.031745944172143936,2.2393381595611572,-0.6558903455734253,-0.6016390919685364,False
401,8.040000000000001,0.1515321582555771,0.0416065976023674,0.031745944172143936,2.2415518760681152,-0.6572459936141968,-0.5879306793212891,False
402,8.06,0.1515321582555771,0.0416065976023674,0.031745944172143936,2.243189573287964,-0.6586527824401855,-0.5768143534660339,False
403,8.08,0.1515321582555771,0.0416065976023674,0.031745944172143936,2.2446911334991455,-0.6605993509292603,-0.5634778738021851,False
404,8.1,0.1515321582555771,0.0416065976023674,0.031745944172143936,2.246310234069824,-0.6633087396621704,-0.5522071123123169,False
405,8.120000000000001,0.1515321582555771,0.0416065976023674,0.031745944172143936,2.2477779388427734,-0.666373610496521,-0.534491777420044,False
406,8.14,0.1515321582555771,0.0416065976023674,0.031745944172143936,2.250354766845703,-0.667692244052887,-0.5153537392616272,False
407,8.16,0.1515321582555771,0.0416065976023674,0.031745944172143936,2.251049518585205,-0.6704378128051758,-0.4851377010345459,False
408,8.18,0.1515321582555771,0.0416065976023674,0.031745944172143936,2.2526066303253174,-0.6725643277168274,-0.470199853181839,False
409,8.2,0.1515321582555771,0.0416065976023674,0.031745944172143936,2.2550764083862305,-0.6754279732704163,-0.4533415138721466,False
410,8.22,0.1515321582555771,0.0416065976023674,0.031745944172143936,2.2570960521698,-0.6783763766288757,-0.4466037154197693,False
411,8.24,0.1515321582555771,0.0416065976023674,0.031745944172143936,2.2579965591430664,-0.6820093393325806,-0.4376547932624817,False
412,8.26,0.1515321582555771,0.0416065976023674,0.031745944172143936,2.2597455978393555,-0.686394989490509,-0.4171654284000397,False
413,8.28,0.1515321582555771,0.0416065976023674,0.031745944172143936,2.2620925903320312,-0.6897427439689636,-0.3952672481536865,False
414,8.3,0.1515321582555771,0.0416065976023674,0.031745944172143936,2.264904260635376,-0.6948858499526978,-0.37388941645622253,False
415,8.32,0.1515321582555771,0.0416065976023674,0.031745944172143936,2.267519950866699,-0.6973590850830078,-0.35216888785362244,False
416,8.34,0.1515321582555771,0.0416065976023674,0.031745944172143936,2.2699801921844482,-0.7008748650550842,-0.33491265773773193,False
417,8.36,0.1515321582555771,0.0416065976023674,0.031745944172143936,2.272165536880493,-0.7024683356285095,-0.31483808159828186,False
418,8.38,0.1515321582555771,0.0416065976023674,0.031745944172143936,2.2750015258789062,-0.7058255076408386,-0.2956198751926422,False
419,8.4,0.1515321582555771,0.0416065976023674,0.031745944172143936,2.2778310775756836,-0.7080337405204773,-0.2799168825149536,False
420,8.42,0.1515321582555771,0.0416065976023674,0.031745944172143936,2.2805614471435547,-0.7098345756530762,-0.2751202881336212,False
421,8.44,0.1515321582555771,0.0416065976023674,0.031745944172143936,2.2841203212738037,-0.7126593589782715,-0.261368066072464,False
422,8.46,0.1515321582555771,0.0416065976023674,0.031745944172143936,2.287583351135254,-0.7153152823448181,-0.23989614844322205,False
423,8.48,0.1515321582555771,0.0416065976023674,0.031745944172143936,2.290135383605957,-0.7208089232444763,-0.23063670098781586,False
424,8.5,0.1515321582555771,0.0416065976023674,0.031745944172143936,2.2946460247039795,-0.7235633730888367,-0.22970053553581238,False
425,8.52,0.027023766189813614,0.0472935251891613,-0.04532766714692116,2.2991249561309814,-0.7243735194206238,-0.2302505075931549,False
426,8.540000000000001,0.027023766189813614,0.0472935251891613,-0.04532766714692116,2.3026013374328613,-0.7258748412132263,-0.2267364114522934,False
427,8.56,0.027023766189813614,0.0472935251891613,-0.04532766714692116,2.306889295578003,-0.726610541343689,-0.22898398339748383,False
428,8.58,0.027023766189813614,0.0472935251891613,-0.04532766714692116,2.3121516704559326,-0.7270323038101196,-0.23323635756969452,False
429,8.6,0.027023766189813614,0.0472935251891613,-0.04532766714692116,2.3173980712890625,-0.7294476628303528,-0.24714557826519012,False
430,8.620000000000001,0.027023766189813614,0.0472935251891613,-0.04532766714692116,2.3250374794006348,-0.7319732308387756,-0.263592004776001,False
431,8.64,0.027023766189813614,0.0472935251891613,-0.04532766714692116,2.333123207092285,-0.735919713973999,-0.27769026160240173,False
432,8.66,0.027023766189813614,0.0472935251891613,-0.04532766714692116,2.3410332202911377,-0.7392904162406921,-0.2761410176753998,False
433,8.68,0.027023766189813614,0.0472935251891613,-0.04532766714692116,2.3477768898010254,-0.7422417998313904,-0.2553050220012665,False
434,8.700000000000001,0.027023766189813614,0.0472935251891613,-0.04532766714692116,2.3512701988220215,-0.7432229518890381,-0.21611981093883514,False
435,8.72,0.027023766189813614,0.0472935251891613,-0.04532766714692116,2.353339672088623,-0.7446591854095459,-0.1842031031847,False
436,8.74,0.027023766189813614,0.0472935251891613,-0.04532766714692116,2.3551836013793945,-0.7484403252601624,-0.15610834956169128,False
437,8.76,0.027023766189813614,0.0472935251891613,-0.04532766714692116,2.3551595211029053,-0.7514110803604126,-0.14588354527950287,False
438,8.78,0.027023766189813614,0.0472935251891613,-0.04532766714692116,2.3554930686950684,-0.7552134990692139,-0.13160012662410736,False
439,8.8,0.027023766189813614,0.0472935251891613,-0.04532766714692116,2.3538308143615723,-0.7571923732757568,-0.13066846132278442,False
440,8.82,0.027023766189813614,0.0472935251891613,-0.04532766714692116,2.3536295890808105,-0.7602452635765076,-0.12371863424777985,False
441,8.84,0.027023766189813614,0.0472935251891613,-0.04532766714692116,2.3537068367004395,-0.7618528008460999,-0.12758174538612366,False
442,8.86,0.027023766189813614,0.0472935251891613,-0.04532766714692116,2.3550093173980713,-0.7638370394706726,-0.11928508430719376,False
443,8.88,0.027023766189813614,0.0472935251891613,-0.04532766714692116,2.3566317558288574,-0.7655129432678223,-0.12150880694389343,False
444,8.9,0.027023766189813614,0.0472935251891613,-0.04532766714692116,2.3588030338287354,-0.7667545080184937,-0.12062428146600723,False
445,8.92,0.027023766189813614,0.0472935251891613,-0.04532766714692116,2.3614509105682373,-0.7680573463439941,-0.1190086156129837,False
446,8.94,0.027023766189813614,0.0472935251891613,-0.04532766714692116,2.363332748413086,-0.7685500979423523,-0.11997812986373901,False
447,8.96,0.027023766189813614,0.0472935251891613,-0.04532766714692116,2.3652236461639404,-0.7687547206878662,-0.12455908954143524,False
448,8.98,0.027023766189813614,0.0472935251891613,-0.04532766714692116,2.367033004760742,-0.7692863345146179,-0.1265193223953247,False
449,9.0,0.027023766189813614,0.0472935251891613,-0.04532766714692116,2.367417335510254,-0.7698149085044861,-0.12450159341096878,False
450,9.02,-0.007424456998705864,0.04386632889509201,0.03669159486889839,2.3652379512786865,-0.7711448073387146,-0.12888240814208984,False
451,9.040000000000001,-0.007424456998705864,0.04386632889509201,0.03669159486889839,2.3653013706207275,-0.7723286747932434,-0.14097429811954498,False
452,9.06,-0.007424456998705864,0.04386632889509201,0.03669159486889839,2.3656275272369385,-0.7732141613960266,-0.14347721636295319,False
453,9.08,-0.007424456998705864,0.04386632889509201,0.03669159486889839,2.366840124130249,-0.7732084393501282,-0.14294789731502533,False
454,9.1,-0.007424456998705864,0.04386632889509201,0.03669159486889839,2.36883807182312,-0.7735561728477478,-0.14966045320034027,False
455,9.120000000000001,-0.007424456998705864,0.04386632889509201,0.03669159486889839,2.371711254119873,-0.7739636898040771,-0.14971688389778137,False
456,9.14,-0.007424456998705864,0.04386632889509201,0.03669159486889839,2.3746275901794434,-0.7754328846931458,-0.1537964940071106,False
457,9.16,-0.007424456998705864,0.04386632889509201,0.03669159486889839,2.3782880306243896,-0.7770389914512634,-0.15386612713336945,False
458,9.18,-0.007424456998705864,0.04386632889509201,0.03669159486889839,2.3809587955474854,-0.7796090841293335,-0.16172412037849426,False
459,9.200000000000001,-0.007424456998705864,0.04386632889509201,0.03669159486889839,2.383720636367798,-0.7819762825965881,-0.16297855973243713,False
460,9.22,-0.007424456998705864,0.04386632889509201,0.03669159486889839,2.385560989379883,-0.7858245372772217,-0.17023082077503204,False
461,9.24,-0.007424456998705864,0.04386632889509201,0.03669159486889839,2.3880839347839355,-0.786577045917511,-0.1758912056684494,False
462,9.26,-0.007424456998705864,0.04386632889509201,0.03669159486889839,2.3891491889953613,-0.7894576787948608,-0.17124280333518982,False
463,9.28,-0.007424456998705864,0.04386632889509201,0.03669159486889839,2.3922581672668457,-0.7921560406684875,-0.16459770500659943,False
464,9.3,-0.007424456998705864,0.04386632889509201,0.03669159486889839,2.394876718521118,-0.7950450778007507,-0.16254551708698273,False
465,9.32,-0.007424456998705864,0.04386632889509201,0.03669159486889839,2.3969504833221436,-0.7982096672058105,-0.16308459639549255,False
466,9.34,-0.007424456998705864,0.04386632889509201,0.03669159486889839,2.398188352584839,-0.8018227219581604,-0.165836364030838,False
467,9.36,-0.007424456998705864,0.04386632889509201,0.03669159486889839,2.399752616882324,-0.8026719093322754,-0.1610790342092514,False
468,9.38,-0.007424456998705864,0.04386632889509201,0.03669159486889839,2.4024834632873535,-0.8053064942359924,-0.15690720081329346,False
469,9.4,-0.007424456998705864,0.04386632889509201,0.03669159486889839,2.406306266784668,-0.8084782958030701,-0.149346262216568,False
470,9.42,-0.007424456998705864,0.04386632889509201,0.03669159486889839,2.4094979763031006,-0.81097012758255,-0.14327993988990784,False
471,9.44,-0.007424456998705864,0.04386632889509201,0.03669159486889839,2.4114794731140137,-0.8125927448272705,-0.13797838985919952,False
472,9.46,-0.007424456998705864,0.04386632889509201,0.03669159486889839,2.4120500087738037,-0.8138065934181213,-0.13061323761940002,False
473,9.48,-0.007424456998705864,0.04386632889509201,0.03669159486889839,2.41168475151062,-0.8134984374046326,-0.12277267128229141,False
474,9.5,-0.007424456998705864,0.04386632889509201,0.03669159486889839,2.412903308868408,-0.8117774128913879,-0.11005400121212006,False
475,9.52,0.003686766140162945,0.0401332713663578,-0.056283917278051376,2.415173292160034,-0.811741828918457,-0.10542051494121552,False
476,9.540000000000001,0.003686766140162945,0.0401332713663578,-0.056283917278051376,2.418989419937134,-0.8098204731941223,-0.08999057114124298,False
477,9.56,0.003686766140162945,0.0401332713663578,-0.056283917278051376,2.4248509407043457,-0.8093908429145813,-0.07869306206703186,False
478,9.58,0.003686766140162945,0.0401332713663578,-0.056283917278051376,2.4292798042297363,-0.8112213015556335,-0.07411161065101624,False
479,9.6,0.003686766140162945,0.0401332713663578,-0.056283917278051376,2.4325852394104004,-0.8125249743461609,-0.06424456089735031,False
480,9.620000000000001,0.003686766140162945,0.0401332713663578,-0.056283917278051376,2.434873104095459,-0.8118060827255249,-0.06587117910385132,False
481,9.64,0.003686766140162945,0.0401332713663578,-0.056283917278051376,2.4358880519866943,-0.8116313219070435,-0.06473352760076523,False
482,9.66,0.003686766140162945,0.0401332713663578,-0.056283917278051376,2.4384732246398926,-0.8105067610740662,-0.0789455845952034,False
483,9.68,0.003686766140162945,0.0401332713663578,-0.056283917278051376,2.4398608207702637,-0.8108093738555908,-0.08022723346948624,False
484,9.700000000000001,0.003686766140162945,0.0401332713663578,-0.056283917278051376,2.4411821365356445,-0.8112349510192871,-0.08941444754600525,False
485,9.72,0.003686766140162945,0.0401332713663578,-0.056283917278051376,2.4443180561065674,-0.811677098274231,-0.10239685326814651,False
486,9.74,0.003686766140162945,0.0401332713663578,-0.056283917278051376,2.445667028427124,-0.8140411972999573,-0.10013315826654434,False
487,9.76,0.003686766140162945,0.0401332713663578,-0.056283917278051376,2.4477107524871826,-0.8156203627586365,-0.10866936296224594,False
488,9.78,0.003686766140162945,0.0401332713663578,-0.056283917278051376,2.4478530883789062,-0.8187703490257263,-0.10197510570287704,False
489,9.8,0.003686766140162945,0.0401332713663578,-0.056283917278051376,2.4489481449127197,-0.820756733417511,-0.10439742356538773,False
490,9.82,0.003686766140162945,0.0401332713663578,-0.056283917278051376,2.450925350189209,-0.8224060535430908,-0.10861649364233017,False
491,9.84,0.003686766140162945,0.0401332713663578,-0.056283917278051376,2.450601100921631,-0.826242208480835,-0.10018285363912582,False
492,9.86,0.003686766140162945,0.0401332713663578,-0.056283917278051376,2.451664447784424,-0.8283756971359253,-0.10195998847484589,False
493,9.88,0.003686766140162945,0.0401332713663578,-0.056283917278051376,2.4506733417510986,-0.832399308681488,-0.09169299900531769,False
494,9.9,0.003686766140162945,0.0401332713663578,-0.056283917278051376,2.4509010314941406,-0.8353511691093445,-0.09067697077989578,False
495,9.92,0.003686766140162945,0.0401332713663578,-0.056283917278051376,2.4504880905151367,-0.8399052619934082,-0.07909783720970154,False
496,9.94,0.003686766140162945,0.0401332713663578,-0.056283917278051376,2.451460123062134,-0.8427521586418152,-0.08025117218494415,False
497,9.96,0.003686766140162945,0.0401332713663578,-0.056283917278051376,2.4506099224090576,-0.8459584712982178,-0.0730954110622406,False
498,9.98,0.003686766140162945,0.0401332713663578,-0.056283917278051376,2.4516854286193848,-0.8500761389732361,-0.06958296149969101,False
499,10.0,0.003686766140162945,0.0401332713663578,-0.056283917278051376,2.4514846801757812,-0.8525726199150085,-0.06725969910621643,False
500,10.02,0.013750297017395496,0.033346738666296005,-0.16706421971321106,2.450237512588501,-0.856049656867981,-0.05967190861701965,False
501,10.040000000000001,0.013750297017395496,0.033346738666296005,-0.16706421971321106,2.4501917362213135,-0.8598605394363403,-0.044927362352609634,False
502,10.06,0.013750297017395496,0.033346738666296005,-0.16706421971321106,2.449636220932007,-0.8617858290672302,-0.04264344647526741,False
503,10.08,0.013750297017395496,0.033346738666296005,-0.16706421971321106,2.450484275817871,-0.86506187915802,-0.037048473954200745,False
504,10.1,0.013750297017395496,0.033346738666296005,-0.16706421971321106,2.4502248764038086,-0.8677899241447449,-0.04170087352395058,False
505,10.120000000000001,0.013750297017395496,0.033346738666296005,-0.16706421971321106,2.4505727291107178,-0.8707998991012573,-0.04187184199690819,False
506,10.14,0.013750297017395496,0.033346738666296005,-0.16706421971321106,2.4495625495910645,-0.8711317181587219,-0.04616185277700424,False
507,10.16,0.013750297017395496,0.033346738666296005,-0.16706421971321106,2.449308395385742,-0.8719428181648254,-0.049289681017398834,False
508,10.18,0.013750297017395496,0.033346738666296005,-0.16706421971321106,2.4506444931030273,-0.8730905652046204,-0.04110018536448479,False
509,10.200000000000001,0.013750297017395496,0.033346738666296005,-0.16706421971321106,2.4505615234375,-0.871446430683136,-0.038974836468696594,False
510,10.22,0.013750297017395496,0.033346738666296005,-0.16706421971321106,2.4507102966308594,-0.8720946311950684,-0.031227903440594673,False
511,10.24,0.013750297017395496,0.033346738666296005,-0.16706421971321106,2.4499096870422363,-0.8719143867492676,-0.024006081745028496,False
512,10.26,0.013750297017395496,0.033346738666296005,-0.16706421971321106,2.4483118057250977,-0.8706849813461304,-0.019330771639943123,False
513,10.28,0.013750297017395496,0.033346738666296005,-0.16706421971321106,2.4466054439544678,-0.8694027066230774,-0.017753789201378822,False
514,10.3,0.013750297017395496,0.033346738666296005,-0.16706421971321106,2.4456262588500977,-0.8670324683189392,-0.01663443073630333,False
515,10.32,0.013750297017395496,0.033346738666296005,-0.16706421971321106,2.445236921310425,-0.863701581954956,-0.011010383255779743,False
516,10.34,0.013750297017395496,0.033346738666296005,-0.16706421971321106,2.4442594051361084,-0.8593263626098633,-0.010274671018123627,False
517,10.36,0.013750297017395496,0.033346738666296005,-0.16706421971321106,2.4440250396728516,-0.8559799194335938,-0.008190583437681198,False
518,10.38,0.013750297017395496,0.033346738666296005,-0.16706421971321106,2.4418020248413086,-0.8508002161979675,-0.012695659883320332,False
519,10.4,0.013750297017395496,0.033346738666296005,-0.16706421971321106,2.4394757747650146,-0.8478569388389587,-0.01486850343644619,False
520,10.42,0.013750297017395496,0.033346738666296005,-0.16706421971321106,2.4383251667022705,-0.8419564366340637,-0.021258201450109482,False
521,10.44,0.013750297017395496,0.033346738666296005,-0.16706421971321106,2.4372169971466064,-0.8374993801116943,-0.023213742300868034,False
522,10.46,0.013750297017395496,0.033346738666296005,-0.16706421971321106,2.4372830390930176,-0.8311999440193176,-0.02471664920449257,False
523,10.48,0.013750297017395496,0.033346738666296005,-0.16706421971321106,2.436694622039795,-0.8263691067695618,-0.019361313432455063,False
524,10.5,0.013750297017395496,0.033346738666296005,-0.16706421971321106,2.4368863105773926,-0.8211901783943176,-0.014770696870982647,False
525,10.52,0.036276087164878845,0.025907600298523903,-0.22113251686096191,2.4367246627807617,-0.8166903853416443,-0.012662304565310478,False
526,10.540000000000001,0.036276087164878845,0.025907600298523903,-0.22113251686096191,2.437215805053711,-0.8122537732124329,-0.014300215989351273,False
527,10.56,0.036276087164878845,0.025907600298523903,-0.22113251686096191,2.4380950927734375,-0.8086912035942078,-0.01816406287252903,False
528,10.58,0.036276087164878845,0.025907600298523903,-0.22113251686096191,2.4393558502197266,-0.8046361207962036,-0.010779330506920815,False
529,10.6,0.036276087164878845,0.025907600298523903,-0.22113251686096191,2.4404244422912598,-0.801100492477417,-0.005824565421789885,False
530,10.620000000000001,0.036276087164878845,0.025907600298523903,-0.22113251686096191,2.442472219467163,-0.7967574596405029,0.012590867467224598,False
531,10.64,0.036276087164878845,0.025907600298523903,-0.22113251686096191,2.442614793777466,-0.793646514415741,0.03853666037321091,False
532,10.66,0.036276087164878845,0.025907600298523903,-0.22113251686096191,2.440685987472534,-0.7874126434326172,0.05032355710864067,False
533,10.68,0.036276087164878845,0.025907600298523903,-0.22113251686096191,2.4403889179229736,-0.7822026610374451,0.055042486637830734,False
534,10.700000000000001,0.036276087164878845,0.025907600298523903,-0.22113251686096191,2.441706657409668,-0.7787336111068726,0.05709707736968994,False
535,10.72,0.036276087164878845,0.025907600298523903,-0.22113251686096191,2.4435105323791504,-0.7749386429786682,0.04846807196736336,False
536,10.74,0.036276087164878845,0.025907600298523903,-0.22113251686096191,2.442988157272339,-0.7675120234489441,0.03990574926137924,False
537,10.76,0.036276087164878845,0.025907600298523903,-0.22113251686096191,2.4415595531463623,-0.7636523246765137,0.04077143222093582,False
538,10.78,0.036276087164878845,0.025907600298523903,-0.22113251686096191,2.4400854110717773,-0.7585875391960144,0.04135912284255028,False
539,10.8,0.036276087164878845,0.025907600298523903,-0.22113251686096191,2.4412155151367188,-0.7538118958473206,0.03854861482977867,False
540,10.82,0.036276087164878845,0.025907600298523903,-0.22113251686096191,2.4421725273132324,-0.7504318356513977,0.036134928464889526,False
541,10.84,0.036276087164878845,0.025907600298523903,-0.22113251686096191,2.4438130855560303,-0.7476033568382263,0.03225664794445038,False
542,10.86,0.036276087164878845,0.025907600298523903,-0.22113251686096191,2.4461545944213867,-0.7447296380996704,0.03163091465830803,False
543,10.88,0.036276087164878845,0.025907600298523903,-0.22113251686096191,2.4481499195098877,-0.7417765259742737,0.030439630150794983,False
544,10.9,0.036276087164878845,0.025907600298523903,-0.22113251686096191,2.449641466140747,-0.7401474118232727,0.03038526512682438,False
545,10.92,0.036276087164878845,0.025907600298523903,-0.22113251686096191,2.4525065422058105,-0.7377865314483643,0.028918184340000153,False
546,10.94,0.036276087164878845,0.025907600298523903,-0.22113251686096191,2.455523729324341,-0.7367791533470154,0.02808886021375656,False
547,10.96,0.036276087164878845,0.025907600298523903,-0.22113251686096191,2.4591734409332275,-0.7357088923454285,0.03188852593302727,False
548,10.98,0.036276087164878845,0.025907600298523903,-0.22113251686096191,2.4623677730560303,-0.7349892258644104,0.03021804615855217,False
549,11.0,0.036276087164878845,0.025907600298523903,-0.22113251686096191,2.465502977371216,-0.735649049282074,0.027817783877253532,False
550,11.02,0.04977916553616524,0.029779087752103806,-0.29980114102363586,2.468755006790161,-0.736964225769043,0.029715439304709435,False
551,11.040000000000001,0.04977916553616524,0.029779087752103806,-0.29980114102363586,2.472172260284424,-0.7386845350265503,0.030590232461690903,False
552,11.06,0.04977916553616524,0.029779087752103806,-0.29980114102363586,2.4756176471710205,-0.7386925220489502,0.024719467386603355,False
553,11.08,0.04977916553616524,0.029779087752103806,-0.29980114102363586,2.4793078899383545,-0.7408324480056763,0.02979136072099209,False
554,11.1,0.04977916553616524,0.029779087752103806,-0.29980114102363586,2.4821043014526367,-0.7411206364631653,0.023256126791238785,False
555,11.120000000000001,0.04977916553616524,0.029779087752103806,-0.29980114102363586,2.4854674339294434,-0.7440034747123718,0.03052208013832569,False
556,11.14,0.04977916553616524,0.029779087752103806,-0.29980114102363586,2.48724365234375,-0.7445710897445679,0.03239021450281143,False
557,11.16,0.04977916553616524,0.029779087752103806,-0.29980114102363586,2.489736557006836,-0.7468988299369812,0.04740721732378006,False
558,11.18,0.04977916553616524,0.029779087752103806,-0.29980114102363586,2.4908807277679443,-0.74640953540802,0.058406513184309006,False
559,11.200000000000001,0.04977916553616524,0.029779087752103806,-0.29980114102363586,2.4940364360809326,-0.7474953532218933,0.0707918331027031,False
560,11.22,0.04977916553616524,0.029779087752103806,-0.29980114102363586,2.4979352951049805,-0.7489587664604187,0.0849611759185791,False
561,11.24,0.04977916553616524,0.029779087752103806,-0.29980114102363586,2.5004072189331055,-0.7469025254249573,0.09387453645467758,False
562,11.26,0.04977916553616524,0.029779087752103806,-0.29980114102363586,2.503960371017456,-0.7458997368812561,0.1077246367931366,False
563,11.28,0.04977916553616524,0.029779087752103806,-0.29980114102363586,2.507185935974121,-0.7438867688179016,0.12304538488388062,False
564,11.3,0.04977916553616524,0.029779087752103806,-0.29980114102363586,2.510709047317505,-0.7415217757225037,0.13300074636936188,False
565,11.32,0.04977916553616524,0.029779087752103806,-0.29980114102363586,2.513640880584717,-0.7399395108222961,0.1442696750164032,False
566,11.34,0.04977916553616524,0.029779087752103806,-0.29980114102363586,2.514981269836426,-0.7364347577095032,0.15195108950138092,False
567,11.36,0.04977916553616524,0.029779087752103806,-0.29980114102363586,2.517151355743408,-0.7341806888580322,0.15657144784927368,False
568,11.38,0.04977916553616524,0.029779087752103806,-0.29980114102363586,2.519437074661255,-0.7281508445739746,0.17046275734901428,False
569,11.4,0.04977916553616524,0.029779087752103806,-0.29980114102363586,2.5238776206970215,-0.7233582735061646,0.17571866512298584,False
570,11.42,0.04977916553616524,0.029779087752103806,-0.29980114102363586,2.528616189956665,-0.719251275062561,0.16659587621688843,False
571,11.44,0.04977916553616524,0.029779087752103806,-0.29980114102363586,2.531773567199707,-0.7133063077926636,0.16146132349967957,False
572,11.46,0.04977916553616524,0.029779087752103806,-0.29980114102363586,2.532942533493042,-0.7086325287818909,0.15805909037590027,False
573,11.48,0.04977916553616524,0.029779087752103806,-0.29980114102363586,2.53456449508667,-0.7044132947921753,0.15062522888183594,False
574,11.5,0.04977916553616524,0.029779087752103806,-0.29980114102363586,2.537043571472168,-0.7000306248664856,0.13346204161643982,False
575,11.52,0.07834375649690628,0.0356806218624115,-0.21918796002864838,2.5382564067840576,-0.6976574659347534,0.12932415306568146,False
576,11.540000000000001,0.07834375649690628,0.0356806218624115,-0.21918796002864838,2.5404372215270996,-0.6943854093551636,0.11920271068811417,False
577,11.56,0.07834375649690628,0.0356806218624115,-0.21918796002864838,2.5421230792999268,-0.6925643086433411,0.11653777211904526,False
578,11.58,0.07834375649690628,0.0356806218624115,-0.21918796002864838,2.5443713665008545,-0.6903353333473206,0.11137848347425461,False
579,11.6,0.07834375649690628,0.0356806218624115,-0.21918796002864838,2.546755790710449,-0.6887660622596741,0.10261385142803192,False
580,11.620000000000001,0.07834375649690628,0.0356806218624115,-0.21918796002864838,2.5494234561920166,-0.6874628067016602,0.09882739931344986,False
581,11.64,0.07834375649690628,0.0356806218624115,-0.21918796002864838,2.5515341758728027,-0.6864983439445496,0.0964532271027565,False
582,11.66,0.07834375649690628,0.0356806218624115,-0.21918796002864838,2.5536158084869385,-0.6853071451187134,0.09404285252094269,False
583,11.68,0.07834375649690628,0.0356806218624115,-0.21918796002864838,2.557497262954712,-0.6830512285232544,0.08681559562683105,False
584,11.700000000000001,0.07834375649690628,0.0356806218624115,-0.21918796002864838,2.5619313716888428,-0.6823100447654724,0.08736179023981094,False
585,11.72,0.07834375649690628,0.0356806218624115,-0.21918796002864838,2.56729793548584,-0.6804055571556091,0.08705025911331177,False
586,11.74,0.07834375649690628,0.0356806218624115,-0.21918796002864838,2.5703022480010986,-0.6784543395042419,0.0885658785700798,False
587,11.76,0.07834375649690628,0.0356806218624115,-0.21918796002864838,2.572645425796509,-0.6783740520477295,0.10081080347299576,False
588,11.78,0.07834375649690628,0.0356806218624115,-0.21918796002864838,2.574280261993408,-0.6768825054168701,0.11171659827232361,False
589,11.8,0.07834375649690628,0.0356806218624115,-0.21918796002864838,2.5762088298797607,-0.6764540672302246,0.12022627145051956,False
590,11.82,0.07834375649690628,0.0356806218624115,-0.21918796002864838,2.5763230323791504,-0.6740003228187561,0.12127315253019333,False
591,11.84,0.07834375649690628,0.0356806218624115,-0.21918796002864838,2.5776288509368896,-0.6730139851570129,0.12380387634038925,False
592,11.86,0.07834375649690628,0.0356806218624115,-0.21918796002864838,2.5778584480285645,-0.6681334972381592,0.1311226338148117,False
593,11.88,0.07834375649690628,0.0356806218624115,-0.21918796002864838,2.580505609512329,-0.6657002568244934,0.1369575560092926,False
594,11.9,0.07834375649690628,0.0356806218624115,-0.21918796002864838,2.582545042037964,-0.6610376834869385,0.1450052261352539,False
595,11.92,0.07834375649690628,0.0356806218624115,-0.21918796002864838,2.585737466812134,-0.6571204662322998,0.1527140885591507,False
596,11.94,0.07834375649690628,0.0356806218624115,-0.21918796002864838,2.5875155925750732,-0.6510666012763977,0.158478781580925,False
597,11.96,0.07834375649690628,0.0356806218624115,-0.21918796002864838,2.5900864601135254,-0.6461858153343201,0.1550767421722412,False
598,11.98,0.07834375649690628,0.0356806218624115,-0.21918796002864838,2.5914270877838135,-0.6403741240501404,0.1497458964586258,False
599,12.0,0.07834375649690628,0.0356806218624115,-0.21918796002864838,2.593057870864868,-0.6356234550476074,0.14400386810302734,False
600,12.02,0.1124371588230133,0.03643006458878517,-0.16907206177711487,2.5928304195404053,-0.6284137964248657,0.14735175669193268,False
601,12.040000000000001,0.1124371588230133,0.03643006458878517,-0.16907206177711487,2.594881296157837,-0.6217752695083618,0.1435336172580719,False
602,12.06,0.1124371588230133,0.03643006458878517,-0.16907206177711487,2.596412420272827,-0.6150398254394531,0.135496124625206,False
603,12.08,0.1124371588230133,0.03643006458878517,-0.16907206177711487,2.5974903106689453,-0.6093530654907227,0.12573830783367157,False
604,12.1,0.1124371588230133,0.03643006458878517,-0.16907206177711487,2.5987889766693115,-0.6031007766723633,0.1118374839425087,False
605,12.120000000000001,0.1124371588230133,0.03643006458878517,-0.16907206177711487,2.5992074012756348,-0.5976392030715942,0.1016029417514801,False
606,12.14,0.1124371588230133,0.03643006458878517,-0.16907206177711487,2.600097179412842,-0.5907096266746521,0.08707651495933533,False
607,12.16,0.1124371588230133,0.03643006458878517,-0.16907206177711487,2.6002254486083984,-0.5861481428146362,0.07533249258995056,False
608,12.18,0.1124371588230133,0.03643006458878517,-0.16907206177711487,2.6012120246887207,-0.5806865096092224,0.06107880920171738,False
609,12.200000000000001,0.1124371588230133,0.03643006458878517,-0.16907206177711487,2.6014909744262695,-0.5763484239578247,0.04808877035975456,False
610,12.22,0.1124371588230133,0.03643006458878517,-0.16907206177711487,2.6023495197296143,-0.5707264542579651,0.039090294390916824,False
611,12.24,0.1124371588230133,0.03643006458878517,-0.16907206177711487,2.602926015853882,-0.567324697971344,0.030965162441134453,False
612,12.26,0.1124371588230133,0.03643006458878517,-0.16907206177711487,2.6047415733337402,-0.5617309212684631,0.03094722330570221,False
613,12.280000000000001,0.1124371588230133,0.03643006458878517,-0.16907206177711487,2.6067724227905273,-0.5558198690414429,0.03173553943634033,False
614,12.3,0.1124371588230133,0.03643006458878517,-0.16907206177711487,2.6072824001312256,-0.5497490763664246,0.02610478177666664,False
615,12.32,0.1124371588230133,0.03643006458878517,-0.16907206177711487,2.604016065597534,-0.5412788987159729,0.031068136915564537,False
616,12.34,0.1124371588230133,0.03643006458878517,-0.16907206177711487,2.6020894050598145,-0.5360419154167175,0.04347921162843704,False
617,12.36,0.1124371588230133,0.03643006458878517,-0.16907206177711487,2.6002368927001953,-0.5299761891365051,0.0520811453461647,False
618,12.38,0.1124371588230133,0.03643006458878517,-0.16907206177711487,2.5994911193847656,-0.5251305103302002,0.04739373177289963,False
619,12.4,0.1124371588230133,0.03643006458878517,-0.16907206177711487,2.5976014137268066,-0.5180637836456299,0.044999249279499054,False
620,12.42,0.1124371588230133,0.03643006458878517,-0.16907206177711487,2.595278024673462,-0.5109898447990417,0.03167889267206192,False
621,12.44,0.1124371588230133,0.03643006458878517,-0.16907206177711487,2.592151641845703,-0.5042853951454163,0.035010047256946564,False
622,12.46,0.1124371588230133,0.03643006458878517,-0.16907206177711487,2.5912373065948486,-0.4960295259952545,0.030969148501753807,False
623,12.48,0.1124371588230133,0.03643006458878517,-0.16907206177711487,2.5895674228668213,-0.48848170042037964,0.0253558661788702,False
624,12.5,0.1124371588230133,0.03643006458878517,-0.16907206177711487,2.58970308303833,-0.4805290699005127,0.014045407995581627,False
625,12.52,0.18987342715263367,0.0370635986328125,-0.14069479703903198,2.587871789932251,-0.4732215404510498,-2.460029827489052e-05,False
626,12.540000000000001,0.18987342715263367,0.0370635986328125,-0.14069479703903198,2.585662603378296,-0.465829461812973,-0.0033535815309733152,False
627,12.56,0.18987342715263367,0.0370635986328125,-0.14069479703903198,2.5843489170074463,-0.4596398174762726,-0.0030960426665842533,False
628,12.58,0.18987342715263367,0.0370635986328125,-0.14069479703903198,2.5833542346954346,-0.45443037152290344,-0.008778797462582588,False
629,12.6,0.18987342715263367,0.0370635986328125,-0.14069479703903198,2.5826501846313477,-0.4494134187698364,-0.004150381311774254,False
630,12.620000000000001,0.18987342715263367,0.0370635986328125,-0.14069479703903198,2.5829222202301025,-0.4433594048023224,0.008638578467071056,False
631,12.64,0.18987342715263367,0.0370635986328125,-0.14069479703903198,2.582555055618286,-0.43730711936950684,0.02133854664862156,False
632,12.66,0.18987342715263367,0.0370635986328125,-0.14069479703903198,2.5817859172821045,-0.43220195174217224,0.03856871277093887,False
633,12.68,0.18987342715263367,0.0370635986328125,-0.14069479703903198,2.5814883708953857,-0.42673492431640625,0.06298038363456726,False
634,12.700000000000001,0.18987342715263367,0.0370635986328125,-0.14069479703903198,2.578904628753662,-0.42184075713157654,0.06114736199378967,False
635,12.72,0.18987342715263367,0.0370635986328125,-0.14069479703903198,2.576500177383423,-0.41381484270095825,0.06426297873258591,False
636,12.74,0.18987342715263367,0.0370635986328125,-0.14069479703903198,2.576256036758423,-0.40801143646240234,0.05324828252196312,False
637,12.76,0.18987342715263367,0.0370635986328125,-0.14069479703903198,2.5781102180480957,-0.40289729833602905,0.05105401948094368,False
638,12.780000000000001,0.18987342715263367,0.0370635986328125,-0.14069479703903198,2.580381393432617,-0.39697548747062683,0.06035177782177925,False
639,12.8,0.18987342715263367,0.0370635986328125,-0.14069479703903198,2.5835156440734863,-0.3914799988269806,0.06710298359394073,False
640,12.82,0.18987342715263367,0.0370635986328125,-0.14069479703903198,2.586635112762451,-0.38628461956977844,0.07694420218467712,False
641,12.84,0.18987342715263367,0.0370635986328125,-0.14069479703903198,2.5886263847351074,-0.37940138578414917,0.08873346447944641,False
642,12.86,0.18987342715263367,0.0370635986328125,-0.14069479703903198,2.5914676189422607,-0.3729623854160309,0.10006264597177505,False
643,12.88,0.18987342715263367,0.0370635986328125,-0.14069479703903198,2.5928564071655273,-0.3643212616443634,0.11315450072288513,False
644,12.9,0.18987342715263367,0.0370635986328125,-0.14069479703903198,2.5970311164855957,-0.3568413555622101,0.11414515972137451,False
645,12.92,0.18987342715263367,0.0370635986328125,-0.14069479703903198,2.599762201309204,-0.34793904423713684,0.11817120760679245,False
646,12.94,0.18987342715263367,0.0370635986328125,-0.14069479703903198,2.604586362838745,-0.33933383226394653,0.1258711814880371,False
647,12.96,0.18987342715263367,0.0370635986328125,-0.14069479703903198,2.608949899673462,-0.33135154843330383,0.12413057684898376,False
648,12.98,0.18987342715263367,0.0370635986328125,-0.14069479703903198,2.612226963043213,-0.3237462639808655,0.12598884105682373,False
649,13.0,0.18987342715263367,0.0370635986328125,-0.14069479703903198,2.615793228149414,-0.31579625606536865,0.12043802440166473,False
650,13.02,0.2041347622871399,0.03456758335232735,-0.003179777180776,2.6194403171539307,-0.31044313311576843,0.10949670523405075,False
651,13.040000000000001,0.2041347622871399,0.03456758335232735,-0.003179777180776,2.6239144802093506,-0.303548663854599,0.0976819396018982,False
652,13.06,0.2041347622871399,0.03456758335232735,-0.003179777180776,2.6281981468200684,-0.2989075183868408,0.08662454038858414,False
653,13.08,0.2041347622871399,0.03456758335232735,-0.003179777180776,2.6336750984191895,-0.2942599654197693,0.07641612738370895,False
654,13.1,0.2041347622871399,0.03456758335232735,-0.003179777180776,2.6408185958862305,-0.288921058177948,0.06698525696992874,False
655,13.120000000000001,0.2041347622871399,0.03456758335232735,-0.003179777180776,2.648042678833008,-0.28203102946281433,0.07683808356523514,False
656,13.14,0.2041347622871399,0.03456758335232735,-0.003179777180776,2.6549906730651855,-0.27653253078460693,0.0672580748796463,False
657,13.16,0.2041347622871399,0.03456758335232735,-0.003179777180776,2.659468650817871,-0.26883119344711304,0.08367768675088882,False
658,13.18,0.2041347622871399,0.03456758335232735,-0.003179777180776,2.6623191833496094,-0.26114553213119507,0.13238605856895447,False
659,13.200000000000001,0.2041347622871399,0.03456758335232735,-0.003179777180776,2.664106845855713,-0.25459742546081543,0.15757814049720764,False
660,13.22,0.2041347622871399,0.03456758335232735,-0.003179777180776,2.6673927307128906,-0.24997709691524506,0.17685183882713318,False
661,13.24,0.2041347622871399,0.03456758335232735,-0.003179777180776,2.6709952354431152,-0.24537234008312225,0.1929786205291748,False
662,13.26,0.2041347622871399,0.03456758335232735,-0.003179777180776,2.675557851791382,-0.24195580184459686,0.1961980164051056,False
663,13.280000000000001,0.2041347622871399,0.03456758335232735,-0.003179777180776,2.6791086196899414,-0.2378000020980835,0.19116121530532837,False
664,13.3,0.2041347622871399,0.03456758335232735,-0.003179777180776,2.6806631088256836,-0.2303124964237213,0.192857563495636,False
665,13.32,0.2041347622871399,0.03456758335232735,-0.003179777180776,2.6852102279663086,-0.2236630767583847,0.20549002289772034,False
666,13.34,0.2041347622871399,0.03456758335232735,-0.003179777180776,2.688957452774048,-0.21781200170516968,0.2130996137857437,False
667,13.36,0.2041347622871399,0.03456758335232735,-0.003179777180776,2.6944823265075684,-0.2109590321779251,0.21952132880687714,False
668,13.38,0.2041347622871399,0.03456758335232735,-0.003179777180776,2.7009506225585938,-0.20484380424022675,0.21941006183624268,False
669,13.4,0.2041347622871399,0.03456758335232735,-0.003179777180776,2.705446720123291,-0.1978650838136673,0.2271883338689804,False
670,13.42,0.2041347622871399,0.03456758335232735,-0.003179777180776,2.7110557556152344,-0.19147950410842896,0.2271358072757721,False
671,13.44,0.2041347622871399,0.03456758335232735,-0.003179777180776,2.7156007289886475,-0.1856141835451126,0.21850880980491638,False
672,13.46,0.2041347622871399,0.03456758335232735,-0.003179777180776,2.719317674636841,-0.18062962591648102,0.21353457868099213,False
673,13.48,0.2041347622871399,0.03456758335232735,-0.003179777180776,2.7235453128814697,-0.17580968141555786,0.21216139197349548,False
674,13.5,0.2041347622871399,0.03456758335232735,-0.003179777180776,2.7280726432800293,-0.17176824808120728,0.21316169202327728,False
675,13.52,0.222343310713768,0.03310238569974899,0.05532189458608627,2.7331395149230957,-0.1671040803194046,0.21263031661510468,False
676,13.540000000000001,0.222343310713768,0.03310238569974899,0.05532189458608627,2.7381370067596436,-0.16244475543498993,0.20893236994743347,False
677,13.56,0.222343310713768,0.03310238569974899,0.05532189458608627,2.7424299716949463,-0.1590358018875122,0.20994451642036438,False
678,13.58,0.222343310713768,0.03310238569974899,0.05532189458608627,2.7465405464172363,-0.15642423927783966,0.20784969627857208,False
679,13.6,0.222343310713768,0.03310238569974899,0.05532189458608627,2.7513670921325684,-0.1540888547897339,0.20217613875865936,False
680,13.620000000000001,0.222343310713768,0.03310238569974899,0.05532189458608627,2.7567780017852783,-0.15206782519817352,0.2006070911884308,False
681,13.64,0.222343310713768,0.03310238569974899,0.05532189458608627,2.7618627548217773,-0.15009866654872894,0.20264379680156708,False
682,13.66,0.222343310713768,0.03310238569974899,0.05532189458608627,2.766887664794922,-0.14765942096710205,0.18608476221561432,False
683,13.68,0.222343310713768,0.03310238569974899,0.05532189458608627,2.7706799507141113,-0.14590021967887878,0.19298966228961945,False
684,13.700000000000001,0.222343310713768,0.03310238569974899,0.05532189458608627,2.776008129119873,-0.14343132078647614,0.1876164674758911,False
685,13.72,0.222343310713768,0.03310238569974899,0.05532189458608627,2.7817633152008057,-0.1421055644750595,0.16952383518218994,False
686,13.74,0.222343310713768,0.03310238569974899,0.05532189458608627,2.7882015705108643,-0.13923464715480804,0.1756577491760254,False
687,13.76,0.222343310713768,0.03310238569974899,0.05532189458608627,2.795748233795166,-0.1376553475856781,0.1758057177066803,False
688,13.780000000000001,0.222343310713768,0.03310238569974899,0.05532189458608627,2.8030757904052734,-0.13488493859767914,0.17948493361473083,False
689,13.8,0.222343310713768,0.03310238569974899,0.05532189458608627,2.8125524520874023,-0.13097000122070312,0.18687668442726135,False
690,13.82,0.222343310713768,0.03310238569974899,0.05532189458608627,2.821626663208008,-0.12725526094436646,0.185322105884552,False
691,13.84,0.222343310713768,0.03310238569974899,0.05532189458608627,2.830742120742798,-0.12373141944408417,0.1974712312221527,False
692,13.86,0.222343310713768,0.03310238569974899,0.05532189458608627,2.8402600288391113,-0.11976873874664307,0.1912703663110733,False
693,13.88,0.222343310713768,0.03310238569974899,0.05532189458608627,2.8479185104370117,-0.11588103324174881,0.190145805478096,False
694,13.9,0.222343310713768,0.03310238569974899,0.05532189458608627,2.8550496101379395,-0.1134851723909378,0.1864830106496811,False
695,13.92,0.222343310713768,0.03310238569974899,0.05532189458608627,2.8624374866485596,-0.11130150407552719,0.1911364197731018,False
696,13.94,0.222343310713768,0.03310238569974899,0.05532189458608627,2.870943069458008,-0.10790492594242096,0.1711895763874054,False
697,13.96,0.222343310713768,0.03310238569974899,0.05532189458608627,2.877902030944824,-0.10768438130617142,0.16712883114814758,False
698,13.98,0.222343310713768,0.03310238569974899,0.05532189458608627,2.885103225708008,-0.10658189654350281,0.14951857924461365,False
699,14.0,0.222343310713768,0.03310238569974899,0.05532189458608627,2.8925271034240723,-0.10539226233959198,0.12815584242343903,False
700,14.02,0.20106181502342224,0.05628444626927376,0.11673899739980698,2.899510383605957,-0.10509496927261353,0.11470457911491394,False
701,14.040000000000001,0.20106181502342224,0.05628444626927376,0.11673899739980698,2.9062957763671875,-0.10658914595842361,0.10519707947969437,False
702,14.06,0.20106181502342224,0.05628444626927376,0.11673899739980698,2.913942337036133,-0.10620709508657455,0.1027522161602974,False
703,14.08,0.20106181502342224,0.05628444626927376,0.11673899739980698,2.922199010848999,-0.10562112182378769,0.10193941742181778,False
704,14.1,0.20106181502342224,0.05628444626927376,0.11673899739980698,2.9306507110595703,-0.10581160336732864,0.10882831364870071,False
705,14.120000000000001,0.20106181502342224,0.05628444626927376,0.11673899739980698,2.9387826919555664,-0.10793177783489227,0.1164439246058464,False
706,14.14,0.20106181502342224,0.05628444626927376,0.11673899739980698,2.9462480545043945,-0.10803250223398209,0.12183110415935516,False
707,14.16,0.20106181502342224,0.05628444626927376,0.11673899739980698,2.954679012298584,-0.10980960726737976,0.1285046488046646,False
708,14.18,0.20106181502342224,0.05628444626927376,0.11673899739980698,2.9604434967041016,-0.11090408265590668,0.13568195700645447,False
709,14.200000000000001,0.20106181502342224,0.05628444626927376,0.11673899739980698,2.9657585620880127,-0.11299659311771393,0.161529541015625,False
710,14.22,0.20106181502342224,0.05628444626927376,0.11673899739980698,2.96997332572937,-0.11427591741085052,0.179606631398201,False
711,14.24,0.20106181502342224,0.05628444626927376,0.11673899739980698,2.973804235458374,-0.11458106338977814,0.18880732357501984,False
712,14.26,0.20106181502342224,0.05628444626927376,0.11673899739980698,2.978710651397705,-0.11542896926403046,0.20890623331069946,False
713,14.280000000000001,0.20106181502342224,0.05628444626927376,0.11673899739980698,2.983950138092041,-0.11652721464633942,0.22970256209373474,False
714,14.3,0.20106181502342224,0.05628444626927376,0.11673899739980698,2.9878861904144287,-0.1167345643043518,0.24579374492168427,False
715,14.32,0.20106181502342224,0.05628444626927376,0.11673899739980698,2.992664098739624,-0.11790255457162857,0.25991693139076233,False
716,14.34,0.20106181502342224,0.05628444626927376,0.11673899739980698,2.996920108795166,-0.11818999797105789,0.26933154463768005,False
717,14.36,0.20106181502342224,0.05628444626927376,0.11673899739980698,3.0015692710876465,-0.11837973445653915,0.28072330355644226,False
718,14.38,0.20106181502342224,0.05628444626927376,0.11673899739980698,3.0068254470825195,-0.11883243173360825,0.2899184226989746,False
719,14.4,0.20106181502342224,0.05628444626927376,0.11673899739980698,3.010697364807129,-0.11821816861629486,0.3009907007217407,False
720,14.42,0.20106181502342224,0.05628444626927376,0.11673899739980698,3.0151662826538086,-0.11807078868150711,0.3117477595806122,False
721,14.44,0.20106181502342224,0.05628444626927376,0.11673899739980698,3.0196845531463623,-0.11662586033344269,0.3254952132701874,False
722,14.46,0.20106181502342224,0.05628444626927376,0.11673899739980698,3.025986909866333,-0.11549048870801926,0.329539954662323,False
723,14.48,0.20106181502342224,0.05628444626927376,0.11673899739980698,3.0322844982147217,-0.11372943967580795,0.34256982803344727,False
724,14.5,0.20106181502342224,0.05628444626927376,0.11673899739980698,3.038703203201294,-0.1131196990609169,0.35079553723335266,False
725,14.52,0.22785696387290955,0.04855983331799507,0.2821763753890991,3.0430307388305664,-0.1128007024526596,0.336538165807724,False
726,14.540000000000001,0.22785696387290955,0.04855983331799507,0.2821763753890991,3.046053886413574,-0.11161467432975769,0.3314261734485626,False
727,14.56,0.22785696387290955,0.04855983331799507,0.2821763753890991,3.0487756729125977,-0.10818590223789215,0.32681918144226074,False
728,14.58,0.22785696387290955,0.04855983331799507,0.2821763753890991,3.050869941711426,-0.10795344412326813,0.3317643105983734,False
729,14.6,0.22785696387290955,0.04855983331799507,0.2821763753890991,3.053593158721924,-0.10598930716514587,0.3271845281124115,False
730,14.620000000000001,0.22785696387290955,0.04855983331799507,0.2821763753890991,3.05568528175354,-0.1068413108587265,0.3308696746826172,False
731,14.64,0.22785696387290955,0.04855983331799507,0.2821763753890991,3.0587825775146484,-0.10663013160228729,0.3291810154914856,False
732,14.66,0.22785696387290955,0.04855983331799507,0.2821763753890991,3.06253981590271,-0.10695301741361618,0.3266744017601013,False
733,14.68,0.22785696387290955,0.04855983331799507,0.2821763753890991,3.0669195652008057,-0.10703075677156448,0.3290467858314514,False
734,14.700000000000001,0.22785696387290955,0.04855983331799507,0.2821763753890991,3.072300434112549,-0.10616964101791382,0.335203617811203,False
735,14.72,0.22785696387290955,0.04855983331799507,0.2821763753890991,3.076951742172241,-0.10779852420091629,0.3460201323032379,False
736,14.74,0.22785696387290955,0.04855983331799507,0.2821763753890991,3.0815370082855225,-0.10975424945354462,0.35216447710990906,False
737,14.76,0.22785696387290955,0.04855983331799507,0.2821763753890991,3.087432384490967,-0.11002212762832642,0.35606223344802856,False
738,14.780000000000001,0.22785696387290955,0.04855983331799507,0.2821763753890991,3.09317946434021,-0.11232346296310425,0.36472129821777344,False
739,14.8,0.22785696387290955,0.04855983331799507,0.2821763753890991,3.098958730697632,-0.1141567975282669,0.3739928603172302,False
740,14.82,0.22785696387290955,0.04855983331799507,0.2821763753890991,3.104524850845337,-0.11730470508337021,0.3793109953403473,False
741,14.84,0.22785696387290955,0.04855983331799507,0.2821763753890991,3.1083059310913086,-0.11997121572494507,0.38906270265579224,False
742,14.86,0.22785696387290955,0.04855983331799507,0.2821763753890991,3.113943099975586,-0.12287884950637817,0.389786034822464,False
743,14.88,0.22785696387290955,0.04855983331799507,0.2821763753890991,3.1199753284454346,-0.1256035566329956,0.40162980556488037,False
744,14.9,0.22785696387290955,0.04855983331799507,0.2821763753890991,3.125166177749634,-0.12804803252220154,0.4138176441192627,False
745,14.92,0.22785696387290955,0.04855983331799507,0.2821763753890991,3.1304662227630615,-0.13031883537769318,0.42532220482826233,False
746,14.94,0.22785696387290955,0.04855983331799507,0.2821763753890991,3.134944200515747,-0.13073179125785828,0.440030574798584,False
747,14.96,0.22785696387290955,0.04855983331799507,0.2821763753890991,3.139458656311035,-0.1313367336988449,0.4472949206829071,False
748,14.98,0.22785696387290955,0.04855983331799507,0.2821763753890991,3.1446502208709717,-0.13208015263080597,0.45819079875946045,False
749,15.0,0.22785696387290955,0.04855983331799507,0.2821763753890991,3.148848533630371,-0.13174819946289062,0.4651551842689514,False
750,15.02,0.18442271649837494,0.058565784245729446,0.3850313723087311,3.1546101570129395,-0.1325758546590805,0.4745739996433258,False
751,15.040000000000001,0.18442271649837494,0.058565784245729446,0.3850313723087311,3.159174680709839,-0.1324215829372406,0.4874434173107147,False
752,15.06,0.18442271649837494,0.058565784245729446,0.3850313723087311,3.164851427078247,-0.13287831842899323,0.49801552295684814,False
753,15.08,0.18442271649837494,0.058565784245729446,0.3850313723087311,3.170056104660034,-0.13218837976455688,0.5093247294425964,False
754,15.1,0.18442271649837494,0.058565784245729446,0.3850313723087311,3.1767685413360596,-0.1319592297077179,0.512520968914032,False
755,15.120000000000001,0.18442271649837494,0.058565784245729446,0.3850313723087311,3.182224988937378,-0.13089635968208313,0.5140032768249512,False
756,15.14,0.18442271649837494,0.058565784245729446,0.3850313723087311,3.188828468322754,-0.13096962869167328,0.5063994526863098,False
757,15.16,0.18442271649837494,0.058565784245729446,0.3850313723087311,3.1946427822113037,-0.13372087478637695,0.4819587171077728,False
758,15.18,0.18442271649837494,0.058565784245729446,0.3850313723087311,3.200584888458252,-0.13220414519309998,0.46026942133903503,False
759,15.200000000000001,0.18442271649837494,0.058565784245729446,0.3850313723087311,3.2080750465393066,-0.13242635130882263,0.4418487548828125,False
760,15.22,0.18442271649837494,0.058565784245729446,0.3850313723087311,3.2143735885620117,-0.13114552199840546,0.4342014789581299,False
761,15.24,0.18442271649837494,0.058565784245729446,0.3850313723087311,3.220310688018799,-0.13050231337547302,0.4233364760875702,False
762,15.26,0.18442271649837494,0.058565784245729446,0.3850313723087311,3.2274389266967773,-0.13277935981750488,0.4032001197338104,False
763,15.280000000000001,0.18442271649837494,0.058565784245729446,0.3850313723087311,3.234456777572632,-0.1335570216178894,0.39165350794792175,False
764,15.3,0.18442271649837494,0.058565784245729446,0.3850313723087311,3.2414097785949707,-0.13396400213241577,0.3985074758529663,False
765,15.32,0.18442271649837494,0.058565784245729446,0.3850313723087311,3.248034715652466,-0.13445807993412018,0.41401925683021545,False
766,15.34,0.18442271649837494,0.058565784245729446,0.3850313723087311,3.2541584968566895,-0.13557571172714233,0.43572258949279785,False
767,15.36,0.18442271649837494,0.058565784245729446,0.3850313723087311,3.259564161300659,-0.1364767849445343,0.46673130989074707,False
768,15.38,0.18442271649837494,0.058565784245729446,0.3850313723087311,3.2600746154785156,-0.1358979344367981,0.4655393362045288,False
769,15.4,0.18442271649837494,0.058565784245729446,0.3850313723087311,3.261812210083008,-0.1370593160390854,0.485904335975647,False
770,15.42,0.18442271649837494,0.058565784245729446,0.3850313723087311,3.262709140777588,-0.13798768818378448,0.4965505003929138,False
771,15.44,0.18442271649837494,0.058565784245729446,0.3850313723087311,3.261739492416382,-0.13879919052124023,0.4993657171726227,False
772,15.46,0.18442271649837494,0.058565784245729446,0.3850313723087311,3.2596850395202637,-0.13940727710723877,0.4881955087184906,False
773,15.48,0.18442271649837494,0.058565784245729446,0.3850313723087311,3.25842022895813,-0.14067372679710388,0.4796693027019501,False
774,15.5,0.18442271649837494,0.058565784245729446,0.3850313723087311,3.255479335784912,-0.14086386561393738,0.4628544747829437,False
775,15.52,0.17173071205615997,0.046672552824020386,-0.1837046593427658,3.2544097900390625,-0.14131101965904236,0.45161736011505127,False
776,15.540000000000001,0.17173071205615997,0.046672552824020386,-0.1837046593427658,3.2541115283966064,-0.14127466082572937,0.44494420289993286,False
777,15.56,0.17173071205615997,0.046672552824020386,-0.1837046593427658,3.253732442855835,-0.14072512090206146,0.4396410882472992,False
778,15.58,0.17173071205615997,0.046672552824020386,-0.1837046593427658,3.2519137859344482,-0.13953280448913574,0.42803385853767395,False
779,15.6,0.17173071205615997,0.046672552824020386,-0.1837046593427658,3.2479729652404785,-0.14019377529621124,0.4189006984233856,False
780,15.620000000000001,0.17173071205615997,0.046672552824020386,-0.1837046593427658,3.244175434112549,-0.14116781949996948,0.41321083903312683,False
781,15.64,0.17173071205615997,0.046672552824020386,-0.1837046593427658,3.2420642375946045,-0.1399211585521698,0.404789000749588,False
782,15.66,0.17173071205615997,0.046672552824020386,-0.1837046593427658,3.240201711654663,-0.1381928026676178,0.3974219858646393,False
783,15.68,0.17173071205615997,0.046672552824020386,-0.1837046593427658,3.238994836807251,-0.13544778525829315,0.3938818573951721,False
784,15.700000000000001,0.17173071205615997,0.046672552824020386,-0.1837046593427658,3.239222526550293,-0.1336296796798706,0.38876381516456604,False
785,15.72,0.17173071205615997,0.046672552824020386,-0.1837046593427658,3.2403907775878906,-0.13246600329875946,0.3832353353500366,False
786,15.74,0.17173071205615997,0.046672552824020386,-0.1837046593427658,3.2430646419525146,-0.13091301918029785,0.3716579079627991,False
787,15.76,0.17173071205615997,0.046672552824020386,-0.1837046593427658,3.245795249938965,-0.12954099476337433,0.3667093515396118,False
788,15.780000000000001,0.17173071205615997,0.046672552824020386,-0.1837046593427658,3.249325752258301,-0.12904684245586395,0.35304751992225647,False
789,15.8,0.17173071205615997,0.046672552824020386,-0.1837046593427658,3.2525436878204346,-0.12743176519870758,0.3518791198730469,False
790,15.82,0.17173071205615997,0.046672552824020386,-0.1837046593427658,3.256190061569214,-0.12825904786586761,0.3362482190132141,False
791,15.84,0.17173071205615997,0.046672552824020386,-0.1837046593427658,3.258838415145874,-0.1271590292453766,0.3242332637310028,False
792,15.860000000000001,0.17173071205615997,0.046672552824020386,-0.1837046593427658,3.2614927291870117,-0.12745903432369232,0.3085799217224121,False
793,15.88,0.17173071205615997,0.046672552824020386,-0.1837046593427658,3.2633607387542725,-0.12702034413814545,0.2990577220916748,False
794,15.9,0.17173071205615997,0.046672552824020386,-0.1837046593427658,3.2638540267944336,-0.12676385045051575,0.295458048582077,False
795,15.92,0.17173071205615997,0.046672552824020386,-0.1837046593427658,3.2625770568847656,-0.12438397854566574,0.2802525460720062,False
796,15.94,0.17173071205615997,0.046672552824020386,-0.1837046593427658,3.263489246368408,-0.12285912781953812,0.2547408640384674,False
797,15.96,0.17173071205615997,0.046672552824020386,-0.1837046593427658,3.26658034324646,-0.12161102890968323,0.2297644019126892,False
798,15.98,0.17173071205615997,0.046672552824020386,-0.1837046593427658,3.2709288597106934,-0.12171317636966705,0.2135487198829651,False
799,16.0,0.17173071205615997,0.046672552824020386,-0.1837046593427658,3.2756996154785156,-0.12126385420560837,0.20497490465641022,False
800,16.02,0.14417439699172974,0.027751360088586807,-0.3921504616737366,3.280235767364502,-0.11965028196573257,0.20044846832752228,False
801,16.04,0.14417439699172974,0.027751360088586807,-0.3921504616737366,3.284130096435547,-0.11787907779216766,0.18608708679676056,False
802,16.06,0.14417439699172974,0.027751360088586807,-0.3921504616737366,3.2872188091278076,-0.11627578735351562,0.16859595477581024,False
803,16.080000000000002,0.14417439699172974,0.027751360088586807,-0.3921504616737366,3.2896547317504883,-0.11440905928611755,0.15322422981262207,False
804,16.1,0.14417439699172974,0.027751360088586807,-0.3921504616737366,3.2925872802734375,-0.10977558046579361,0.15939925611019135,False
805,16.12,0.14417439699172974,0.027751360088586807,-0.3921504616737366,3.297513008117676,-0.10652849078178406,0.15696947276592255,False
806,16.14,0.14417439699172974,0.027751360088586807,-0.3921504616737366,3.3013007640838623,-0.10522348433732986,0.15817484259605408,False
807,16.16,0.14417439699172974,0.027751360088586807,-0.3921504616737366,3.3051486015319824,-0.1010868176817894,0.14928488433361053,False
808,16.18,0.14417439699172974,0.027751360088586807,-0.3921504616737366,3.3091228008270264,-0.09838668256998062,0.15878206491470337,False
809,16.2,0.14417439699172974,0.027751360088586807,-0.3921504616737366,3.3128366470336914,-0.09535056352615356,0.16484937071800232,False
810,16.22,0.14417439699172974,0.027751360088586807,-0.3921504616737366,3.3153555393218994,-0.09336630254983902,0.1616872102022171,False
811,16.240000000000002,0.14417439699172974,0.027751360088586807,-0.3921504616737366,3.3178274631500244,-0.09214641898870468,0.16159753501415253,False
812,16.26,0.14417439699172974,0.027751360088586807,-0.3921504616737366,3.320106029510498,-0.0908464565873146,0.16448304057121277,False
813,16.28,0.14417439699172974,0.027751360088586807,-0.3921504616737366,3.3220622539520264,-0.09031525254249573,0.17175906896591187,False
814,16.3,0.14417439699172974,0.027751360088586807,-0.3921504616737366,3.324044704437256,-0.09054116904735565,0.1833997517824173,False
815,16.32,0.14417439699172974,0.027751360088586807,-0.3921504616737366,3.327420234680176,-0.08985044062137604,0.1860654056072235,False
816,16.34,0.14417439699172974,0.027751360088586807,-0.3921504616737366,3.329951524734497,-0.09053104370832443,0.1970604807138443,False
817,16.36,0.14417439699172974,0.027751360088586807,-0.3921504616737366,3.3324239253997803,-0.09147635102272034,0.205811008810997,False
818,16.38,0.14417439699172974,0.027751360088586807,-0.3921504616737366,3.3354077339172363,-0.092778779566288,0.21791613101959229,False
819,16.4,0.14417439699172974,0.027751360088586807,-0.3921504616737366,3.3388047218322754,-0.09449824690818787,0.22966204583644867,False
820,16.42,0.14417439699172974,0.027751360088586807,-0.3921504616737366,3.341446876525879,-0.09710189700126648,0.24196510016918182,False
821,16.44,0.14417439699172974,0.027751360088586807,-0.3921504616737366,3.3428335189819336,-0.09881801158189774,0.24802368879318237,False
822,16.46,0.14417439699172974,0.027751360088586807,-0.3921504616737366,3.3460423946380615,-0.09925847500562668,0.25355416536331177,False
823,16.48,0.14417439699172974,0.027751360088586807,-0.3921504616737366,3.3492348194122314,-0.0990854874253273,0.26109352707862854,False
824,16.5,0.14417439699172974,0.027751360088586807,-0.3921504616737366,3.3533363342285156,-0.10042119026184082,0.2611890137195587,False
825,16.52,0.08161737024784088,-0.004007631912827492,-0.4446295201778412,3.3567187786102295,-0.10225314646959305,0.2582278549671173,False
826,16.54,0.08161737024784088,-0.004007631912827492,-0.4446295201778412,3.360187530517578,-0.10387039184570312,0.26114633679389954,False
827,16.56,0.08161737024784088,-0.004007631912827492,-0.4446295201778412,3.3627591133117676,-0.1044415831565857,0.26460516452789307,False
828,16.580000000000002,0.08161737024784088,-0.004007631912827492,-0.4446295201778412,3.365612268447876,-0.10529841482639313,0.2629806697368622,False
829,16.6,0.08161737024784088,-0.004007631912827492,-0.4446295201778412,3.368359327316284,-0.10602851957082748,0.2600233852863312,False
830,16.62,0.08161737024784088,-0.004007631912827492,-0.4446295201778412,3.371992826461792,-0.10639327764511108,0.2680615782737732,False
831,16.64,0.08161737024784088,-0.004007631912827492,-0.4446295201778412,3.373420238494873,-0.10498916357755661,0.26512014865875244,False
832,16.66,0.08161737024784088,-0.004007631912827492,-0.4446295201778412,3.37621808052063,-0.1044294685125351,0.27747005224227905,False
833,16.68,0.08161737024784088,-0.004007631912827492,-0.4446295201778412,3.3767924308776855,-0.10170096904039383,0.27500322461128235,False
834,16.7,0.08161737024784088,-0.004007631912827492,-0.4446295201778412,3.3788442611694336,-0.10026411712169647,0.28594258427619934,False
835,16.72,0.08161737024784088,-0.004007631912827492,-0.4446295201778412,3.3782384395599365,-0.09711554646492004,0.28769782185554504,False
836,16.740000000000002,0.08161737024784088,-0.004007631912827492,-0.4446295201778412,3.379204273223877,-0.09505733847618103,0.30028319358825684,False
837,16.76,0.08161737024784088,-0.004007631912827492,-0.4446295201778412,3.379812240600586,-0.09189832955598831,0.3085501194000244,False
838,16.78,0.08161737024784088,-0.004007631912827492,-0.4446295201778412,3.3796937465667725,-0.08998320996761322,0.3143286108970642,False
839,16.8,0.08161737024784088,-0.004007631912827492,-0.4446295201778412,3.3823819160461426,-0.08873322606086731,0.31740742921829224,False
840,16.82,0.08161737024784088,-0.004007631912827492,-0.4446295201778412,3.384269952774048,-0.08531619608402252,0.32267844676971436,False
841,16.84,0.08161737024784088,-0.004007631912827492,-0.4446295201778412,3.385979175567627,-0.0830133780837059,0.31642815470695496,False
842,16.86,0.08161737024784088,-0.004007631912827492,-0.4446295201778412,3.3869919776916504,-0.07814345508813858,0.31689271330833435,False
843,16.88,0.08161737024784088,-0.004007631912827492,-0.4446295201778412,3.388850688934326,-0.07522156834602356,0.3013536334037781,False
844,16.9,0.08161737024784088,-0.004007631912827492,-0.4446295201778412,3.3917396068573,-0.07163683325052261,0.29353004693984985,False
845,16.92,0.08161737024784088,-0.004007631912827492,-0.4446295201778412,3.3969738483428955,-0.07060359418392181,0.2755376696586609,False
846,16.94,0.08161737024784088,-0.004007631912827492,-0.4446295201778412,3.4021058082580566,-0.06806882470846176,0.2751329243183136,False
847,16.96,0.08161737024784088,-0.004007631912827492,-0.4446295201778412,3.4061484336853027,-0.06433974206447601,0.2773084342479706,False
848,16.98,0.08161737024784088,-0.004007631912827492,-0.4446295201778412,3.406992197036743,-0.06026113033294678,0.2799951136112213,False
849,17.0,0.08161737024784088,-0.004007631912827492,-0.4446295201778412,3.4086833000183105,-0.0578877255320549,0.30300959944725037,False
850,17.02,0.08447587490081787,-0.019548693671822548,-0.46497756242752075,3.4104514122009277,-0.054624371230602264,0.309104323387146,False
851,17.04,0.08447587490081787,-0.019548693671822548,-0.46497756242752075,3.4135658740997314,-0.051745787262916565,0.31835615634918213,False
852,17.06,0.08447587490081787,-0.019548693671822548,-0.46497756242752075,3.4171195030212402,-0.048769861459732056,0.32700133323669434,False
853,17.080000000000002,0.08447587490081787,-0.019548693671822548,-0.46497756242752075,3.419863700866699,-0.04562854394316673,0.32673296332359314,False
854,17.1,0.08447587490081787,-0.019548693671822548,-0.46497756242752075,3.420882225036621,-0.0420217402279377,0.31764233112335205,False
855,17.12,0.08447587490081787,-0.019548693671822548,-0.46497756242752075,3.421893358230591,-0.038725756108760834,0.3093559145927429,False
856,17.14,0.08447587490081787,-0.019548693671822548,-0.46497756242752075,3.4230949878692627,-0.034795861691236496,0.30081290006637573,False
857,17.16,0.08447587490081787,-0.019548693671822548,-0.46497756242752075,3.42475962638855,-0.03064773976802826,0.28858017921447754,False
858,17.18,0.08447587490081787,-0.019548693671822548,-0.46497756242752075,3.425701379776001,-0.0251409150660038,0.276513934135437,False
859,17.2,0.08447587490081787,-0.019548693671822548,-0.46497756242752075,3.428741931915283,-0.020343750715255737,0.2692408859729767,False
860,17.22,0.08447587490081787,-0.019548693671822548,-0.46497756242752075,3.430565595626831,-0.015219486318528652,0.2589976489543915,False
861,17.240000000000002,0.08447587490081787,-0.019548693671822548,-0.46497756242752075,3.434347152709961,-0.009850287809967995,0.23707431554794312,False
862,17.26,0.08447587490081787,-0.019548693671822548,-0.46497756242752075,3.4363744258880615,-0.005589682143181562,0.236323282122612,False
863,17.28,0.08447587490081787,-0.019548693671822548,-0.46497756242752075,3.440200090408325,-0.0004876484163105488,0.2275797575712204,False
864,17.3,0.08447587490081787,-0.019548693671822548,-0.46497756242752075,3.4426722526550293,0.004304592497646809,0.21516820788383484,False
865,17.32,0.08447587490081787,-0.019548693671822548,-0.46497756242752075,3.4440016746520996,0.007881537079811096,0.21066595613956451,False
866,17.34,0.08447587490081787,-0.019548693671822548,-0.46497756242752075,3.445444107055664,0.011150700971484184,0.20789077877998352,False
867,17.36,0.08447587490081787,-0.019548693671822548,-0.46497756242752075,3.447615623474121,0.013996982015669346,0.20611007511615753,False
868,17.38,0.08447587490081787,-0.019548693671822548,-0.46497756242752075,3.4511780738830566,0.017405878752470016,0.20298340916633606,False
869,17.400000000000002,0.08447587490081787,-0.019548693671822548,-0.46497756242752075,3.454171657562256,0.020081577822566032,0.20514868199825287,False
870,17.42,0.08447587490081787,-0.019548693671822548,-0.46497756242752075,3.4560623168945312,0.022200651466846466,0.2108692228794098,False
871,17.44,0.08447587490081787,-0.019548693671822548,-0.46497756242752075,3.4573936462402344,0.02372768521308899,0.21380770206451416,False
872,17.46,0.08447587490081787,-0.019548693671822548,-0.46497756242752075,3.458976984024048,0.025462640449404716,0.19902129471302032,False
873,17.48,0.08447587490081787,-0.019548693671822548,-0.46497756242752075,3.459780216217041,0.028598761186003685,0.21190513670444489,False
874,17.5,0.08447587490081787,-0.019548693671822548,-0.46497756242752075,3.463837146759033,0.031125837936997414,0.19854722917079926,False
875,17.52,0.09021220356225967,-0.017120597884058952,-0.49253594875335693,3.4673922061920166,0.03380991518497467,0.18092000484466553,False
876,17.54,0.09021220356225967,-0.017120597884058952,-0.49253594875335693,3.470470666885376,0.037495922297239304,0.18263524770736694,False
877,17.56,0.09021220356225967,-0.017120597884058952,-0.49253594875335693,3.4752962589263916,0.03837709501385689,0.17388825118541718,False
878,17.580000000000002,0.09021220356225967,-0.017120597884058952,-0.49253594875335693,3.4796359539031982,0.041521571576595306,0.18669047951698303,False
879,17.6,0.09021220356225967,-0.017120597884058952,-0.49253594875335693,3.4845986366271973,0.0423070453107357,0.18580955266952515,False
880,17.62,0.09021220356225967,-0.017120597884058952,-0.49253594875335693,3.4889938831329346,0.043549805879592896,0.18300366401672363,False
881,17.64,0.09021220356225967,-0.017120597884058952,-0.49253594875335693,3.4933600425720215,0.04913322255015373,0.20571020245552063,False
882,17.66,0.09021220356225967,-0.017120597884058952,-0.49253594875335693,3.499027967453003,0.0526990108191967,0.21259993314743042,False
883,17.68,0.09021220356225967,-0.017120597884058952,-0.49253594875335693,3.5042827129364014,0.05612301453948021,0.21758686006069183,False
884,17.7,0.09021220356225967,-0.017120597884058952,-0.49253594875335693,3.508862257003784,0.06265276670455933,0.24591152369976044,False
885,17.72,0.09021220356225967,-0.017120597884058952,-0.49253594875335693,3.5151586532592773,0.0664728581905365,0.2496417611837387,False
886,17.740000000000002,0.09021220356225967,-0.017120597884058952,-0.49253594875335693,3.5224523544311523,0.07053950428962708,0.24361276626586914,False
887,17.76,0.09021220356225967,-0.017120597884058952,-0.49253594875335693,3.5291197299957275,0.07395240664482117,0.24347645044326782,False
888,17.78,0.09021220356225967,-0.017120597884058952,-0.49253594875335693,3.5362870693206787,0.08011727035045624,0.2406734973192215,False
889,17.8,0.09021220356225967,-0.017120597884058952,-0.49253594875335693,3.542313575744629,0.08343462646007538,0.23727929592132568,False
890,17.82,0.09021220356225967,-0.017120597884058952,-0.49253594875335693,3.5482051372528076,0.08748257905244827,0.22650326788425446,False
891,17.84,0.09021220356225967,-0.017120597884058952,-0.49253594875335693,3.554051637649536,0.09162382036447525,0.21780642867088318,False
892,17.86,0.09021220356225967,-0.017120597884058952,-0.49253594875335693,3.5599184036254883,0.09517627209424973,0.20264069736003876,False
893,17.88,0.09021220356225967,-0.017120597884058952,-0.49253594875335693,3.566028356552124,0.09597118198871613,0.18382884562015533,False
894,17.900000000000002,0.09021220356225967,-0.017120597884058952,-0.49253594875335693,3.5724895000457764,0.09838452190160751,0.16747573018074036,False
895,17.92,0.09021220356225967,-0.017120597884058952,-0.49253594875335693,3.579824447631836,0.10123708844184875,0.1578349769115448,False
896,17.94,0.09021220356225967,-0.017120597884058952,-0.49253594875335693,3.58801531791687,0.10383801907300949,0.1497626006603241,False
897,17.96,0.09021220356225967,-0.017120597884058952,-0.49253594875335693,3.59672212600708,0.10599412024021149,0.1448201984167099,False
898,17.98,0.09021220356225967,-0.017120597884058952,-0.49253594875335693,3.605384349822998,0.10769955813884735,0.14341779053211212,False
899,18.0,0.09021220356225967,-0.017120597884058952,-0.49253594875335693,3.614499092102051,0.10761148482561111,0.12450797855854034,False
900,18.02,0.11939249187707901,-0.014424691908061504,-0.4651968777179718,3.6228883266448975,0.11150983721017838,0.12083753198385239,False
901,18.04,0.11939249187707901,-0.014424691908061504,-0.4651968777179718,3.6314945220947266,0.11252973973751068,0.14124523103237152,False
902,18.06,0.11939249187707901,-0.014424691908061504,-0.4651968777179718,3.636735439300537,0.11330892890691757,0.13468173146247864,False
903,18.080000000000002,0.11939249187707901,-0.014424691908061504,-0.4651968777179718,3.642829179763794,0.111566923558712,0.14534084498882294,False
904,18.1,0.11939249187707901,-0.014424691908061504,-0.4651968777179718,3.647857666015625,0.11055175960063934,0.1502528339624405,False
905,18.12,0.11939249187707901,-0.014424691908061504,-0.4651968777179718,3.6515374183654785,0.11051967740058899,0.14911794662475586,False
906,18.14,0.11939249187707901,-0.014424691908061504,-0.4651968777179718,3.6567487716674805,0.11033204942941666,0.15876838564872742,False
907,18.16,0.11939249187707901,-0.014424691908061504,-0.4651968777179718,3.6632509231567383,0.11030638217926025,0.1711350381374359,False
908,18.18,0.11939249187707901,-0.014424691908061504,-0.4651968777179718,3.6689352989196777,0.11072194576263428,0.17911355197429657,False
909,18.2,0.11939249187707901,-0.014424691908061504,-0.4651968777179718,3.6738522052764893,0.11076337844133377,0.1841687560081482,False
910,18.22,0.11939249187707901,-0.014424691908061504,-0.4651968777179718,3.6781551837921143,0.11137816309928894,0.18378065526485443,False
911,18.240000000000002,0.11939249187707901,-0.014424691908061504,-0.4651968777179718,3.6823763847351074,0.11222460120916367,0.1822264939546585,False
912,18.26,0.11939249187707901,-0.014424691908061504,-0.4651968777179718,3.687180757522583,0.11365615576505661,0.180058553814888,False
913,18.28,0.11939249187707901,-0.014424691908061504,-0.4651968777179718,3.6912176609039307,0.11653660237789154,0.17292070388793945,False
914,18.3,0.11939249187707901,-0.014424691908061504,-0.4651968777179718,3.696716785430908,0.11905161291360855,0.17542226612567902,False
915,18.32,0.11939249187707901,-0.014424691908061504,-0.4651968777179718,3.7015933990478516,0.1227807104587555,0.17422746121883392,False
916,18.34,0.11939249187707901,-0.014424691908061504,-0.4651968777179718,3.7077901363372803,0.12539221346378326,0.1696787178516388,False
917,18.36,0.11939249187707901,-0.014424691908061504,-0.4651968777179718,3.713616371154785,0.1287556290626526,0.16251586377620697,False
918,18.38,0.11939249187707901,-0.014424691908061504,-0.4651968777179718,3.7209508419036865,0.13197356462478638,0.15994109213352203,False
919,18.400000000000002,0.11939249187707901,-0.014424691908061504,-0.4651968777179718,3.7271528244018555,0.13458150625228882,0.15940390527248383,False
920,18.42,0.11939249187707901,-0.014424691908061504,-0.4651968777179718,3.732083797454834,0.13859790563583374,0.13301461935043335,False
921,18.44,0.11939249187707901,-0.014424691908061504,-0.4651968777179718,3.733827829360962,0.14074403047561646,0.13327090442180634,False
922,18.46,0.11939249187707901,-0.014424691908061504,-0.4651968777179718,3.7367284297943115,0.14545366168022156,0.10243948549032211,False
923,18.48,0.11939249187707901,-0.014424691908061504,-0.4651968777179718,3.738246202468872,0.14814381301403046,0.09808133542537689,False
924,18.5,0.11939249187707901,-0.014424691908061504,-0.4651968777179718,3.7396669387817383,0.1509895771741867,0.08507796376943588,False
925,18.52,0.46470436453819275,-0.024671778082847595,0.16709931194782257,3.742640495300293,0.15490339696407318,0.0579182431101799,False
926,18.54,0.46470436453819275,-0.024671778082847595,0.16709931194782257,3.7445828914642334,0.1567392349243164,0.045789267867803574,False
927,18.56,0.46470436453819275,-0.024671778082847595,0.16709931194782257,3.7458043098449707,0.1573132574558258,0.04224861040711403,False
928,18.580000000000002,0.46470436453819275,-0.024671778082847595,0.16709931194782257,3.7479469776153564,0.15842153131961823,0.028433913365006447,False
929,18.6,0.46470436453819275,-0.024671778082847595,0.16709931194782257,3.7505993843078613,0.15908654034137726,0.015788592398166656,False
930,18.62,0.46470436453819275,-0.024671778082847595,0.16709931194782257,3.7531113624572754,0.1587020307779312,0.004423855803906918,False
931,18.64,0.46470436453819275,-0.024671778082847595,0.16709931194782257,3.754528522491455,0.1572168469429016,-9.38215889618732e-05,False
932,18.66,0.46470436453819275,-0.024671778082847595,0.16709931194782257,3.7562081813812256,0.156098410487175,-0.00652632862329483,False
933,18.68,0.46470436453819275,-0.024671778082847595,0.16709931194782257,3.7578587532043457,0.15456704795360565,-0.016683967784047127,False
934,18.7,0.46470436453819275,-0.024671778082847595,0.16709931194782257,3.759263753890991,0.15244370698928833,-0.025829311460256577,False
935,18.72,0.46470436453819275,-0.024671778082847595,0.16709931194782257,3.759709119796753,0.14887413382530212,-0.025193577632308006,False
936,18.740000000000002,0.46470436453819275,-0.024671778082847595,0.16709931194782257,3.7600226402282715,0.1448919028043747,-0.02200792357325554,False
937,18.76,0.46470436453819275,-0.024671778082847595,0.16709931194782257,3.7596166133880615,0.1403193175792694,-0.01840376667678356,False
938,18.78,0.46470436453819275,-0.024671778082847595,0.16709931194782257,3.7595913410186768,0.1362089365720749,-0.014828812330961227,False
939,18.8,0.46470436453819275,-0.024671778082847595,0.16709931194782257,3.7591729164123535,0.13374634087085724,-0.008550666272640228,False
940,18.82,0.46470436453819275,-0.024671778082847595,0.16709931194782257,3.7616915702819824,0.13070932030677795,-0.014006388373672962,False
941,18.84,0.46470436453819275,-0.024671778082847595,0.16709931194782257,3.765267848968506,0.1272885501384735,-0.014155016280710697,False
942,18.86,0.46470436453819275,-0.024671778082847595,0.16709931194782257,3.768705368041992,0.12411618232727051,-0.018551981076598167,False
943,18.88,0.46470436453819275,-0.024671778082847595,0.16709931194782257,3.773308277130127,0.12062232196331024,-0.02207396738231182,False
944,18.900000000000002,0.46470436453819275,-0.024671778082847595,0.16709931194782257,3.7783708572387695,0.1189480647444725,-0.014142781496047974,False
945,18.92,0.46470436453819275,-0.024671778082847595,0.16709931194782257,3.783604383468628,0.11595941334962845,-0.02254081703722477,False
946,18.94,0.46470436453819275,-0.024671778082847595,0.16709931194782257,3.7889063358306885,0.11491706222295761,-0.00880756601691246,False
947,18.96,0.46470436453819275,-0.024671778082847595,0.16709931194782257,3.794299602508545,0.11198313534259796,-0.008059189654886723,False
948,18.98,0.46470436453819275,-0.024671778082847595,0.16709931194782257,3.800180673599243,0.11053656041622162,0.008899152278900146,False
949,19.0,0.46470436453819275,-0.024671778082847595,0.16709931194782257,3.8066911697387695,0.10811130702495575,0.010443419218063354,False
950,19.02,0.1256413459777832,-0.03235751762986183,0.11746981739997864,3.812364101409912,0.10652182996273041,0.012688754126429558,False
951,19.04,0.1256413459777832,-0.03235751762986183,0.11746981739997864,3.8185441493988037,0.10683482885360718,0.030514974147081375,False
952,19.06,0.1256413459777832,-0.03235751762986183,0.11746981739997864,3.8247251510620117,0.10611096024513245,0.032674841582775116,False
953,19.080000000000002,0.1256413459777832,-0.03235751762986183,0.11746981739997864,3.829099178314209,0.10474695265293121,0.03491435572504997,False
954,19.1,0.1256413459777832,-0.03235751762986183,0.11746981739997864,3.831798553466797,0.10247533768415451,0.022029902786016464,False
955,19.12,0.1256413459777832,-0.03235751762986183,0.11746981739997864,3.8358442783355713,0.10202444344758987,0.003944686148315668,False
956,19.14,0.1256413459777832,-0.03235751762986183,0.11746981739997864,3.8415088653564453,0.10291316360235214,-0.018164390698075294,False
957,19.16,0.1256413459777832,-0.03235751762986183,0.11746981739997864,3.8463408946990967,0.10202433913946152,-0.018428610637784004,False
958,19.18,0.1256413459777832,-0.03235751762986183,0.11746981739997864,3.8526713848114014,0.10261258482933044,-0.028102407231926918,False
959,19.2,0.1256413459777832,-0.03235751762986183,0.11746981739997864,3.859386682510376,0.10295023769140244,-0.036828942596912384,False
960,19.22,0.1256413459777832,-0.03235751762986183,0.11746981739997864,3.86517071723938,0.1028265431523323,-0.04107726737856865,False
961,19.240000000000002,0.1256413459777832,-0.03235751762986183,0.11746981739997864,3.870389461517334,0.10263267159461975,-0.040047578513622284,False
962,19.26,0.1256413459777832,-0.03235751762986183,0.11746981739997864,3.8743391036987305,0.09972037374973297,-0.04153549671173096,False
963,19.28,0.1256413459777832,-0.03235751762986183,0.11746981739997864,3.880513906478882,0.09852717071771622,-0.043356701731681824,False
964,19.3,0.1256413459777832,-0.03235751762986183,0.11746981739997864,3.887263298034668,0.09684836864471436,-0.03231817111372948,False
965,19.32,0.1256413459777832,-0.03235751762986183,0.11746981739997864,3.892918825149536,0.09251707792282104,-0.029743941500782967,False
966,19.34,0.1256413459777832,-0.03235751762986183,0.11746981739997864,3.8995487689971924,0.0898129865527153,-0.022227933630347252,False
967,19.36,0.1256413459777832,-0.03235751762986183,0.11746981739997864,3.9051527976989746,0.08552639186382294,-0.01846953108906746,False
968,19.38,0.1256413459777832,-0.03235751762986183,0.11746981739997864,3.9118099212646484,0.08196304738521576,-0.010972966440021992,False
969,19.400000000000002,0.1256413459777832,-0.03235751762986183,0.11746981739997864,3.9179399013519287,0.0760108083486557,-0.010099872015416622,False
970,19.42,0.1256413459777832,-0.03235751762986183,0.11746981739997864,3.925607919692993,0.0717836245894432,-0.011792494915425777,False
971,19.44,0.1256413459777832,-0.03235751762986183,0.11746981739997864,3.933866500854492,0.06771647185087204,-0.006232593674212694,False
972,19.46,0.1256413459777832,-0.03235751762986183,0.11746981739997864,3.9416050910949707,0.06068403646349907,-0.00755075179040432,False
973,19.48,0.1256413459777832,-0.03235751762986183,0.11746981739997864,3.950026750564575,0.05510454997420311,0.0029751663096249104,False
974,19.5,0.1256413459777832,-0.03235751762986183,0.11746981739997864,3.956772565841675,0.05027936398983002,0.013231879100203514,False
975,19.52,0.1422341763973236,-0.03168286383152008,0.15903599560260773,3.9632458686828613,0.044217512011528015,0.026059728115797043,False
976,19.54,0.1422341763973236,-0.03168286383152008,0.15903599560260773,3.9676308631896973,0.03884250298142433,0.03705715015530586,False
977,19.56,0.1422341763973236,-0.03168286383152008,0.15903599560260773,3.9719128608703613,0.03327261656522751,0.04829315468668938,False
978,19.580000000000002,0.1422341763973236,-0.03168286383152008,0.15903599560260773,3.9761950969696045,0.027669284492731094,0.06542445719242096,False
979,19.6,0.1422341763973236,-0.03168286383152008,0.15903599560260773,3.9810898303985596,0.02143627032637596,0.08774685859680176,False
980,19.62,0.1422341763973236,-0.03168286383152008,0.15903599560260773,3.9841394424438477,0.016520513221621513,0.09851697087287903,False
981,19.64,0.1422341763973236,-0.03168286383152008,0.15903599560260773,3.989039659500122,0.010373687371611595,0.1144731193780899,False
982,19.66,0.1422341763973236,-0.03168286383152008,0.15903599560260773,3.993731737136841,0.00453110272064805,0.11981707066297531,False
983,19.68,0.1422341763973236,-0.03168286383152008,0.15903599560260773,3.997798442840576,-0.0013694807421416044,0.12107699364423752,False
984,19.7,0.1422341763973236,-0.03168286383152008,0.15903599560260773,4.002167701721191,-0.0075088501907885075,0.12095833569765091,False
985,19.72,0.1422341763973236,-0.03168286383152008,0.15903599560260773,4.005663871765137,-0.013163155876100063,0.1150541752576828,False
986,19.740000000000002,0.1422341763973236,-0.03168286383152008,0.15903599560260773,4.009202003479004,-0.019176842644810677,0.11084907501935959,False
987,19.76,0.1422341763973236,-0.03168286383152008,0.15903599560260773,4.013937473297119,-0.02581813931465149,0.11779842525720596,False
988,19.78,0.1422341763973236,-0.03168286383152008,0.15903599560260773,4.017524242401123,-0.03280048072338104,0.12429129332304001,False
989,19.8,0.1422341763973236,-0.03168286383152008,0.15903599560260773,4.0204548835754395,-0.037655919790267944,0.1050453707575798,False
990,19.82,0.1422341763973236,-0.03168286383152008,0.15903599560260773,4.024044513702393,-0.0406973622739315,0.09880033880472183,False
991,19.84,0.1422341763973236,-0.03168286383152008,0.15903599560260773,4.028228759765625,-0.043491244316101074,0.09811367839574814,False
992,19.86,0.1422341763973236,-0.03168286383152008,0.15903599560260773,4.032167911529541,-0.04827370122075081,0.1063515767455101,False
993,19.88,0.1422341763973236,-0.03168286383152008,0.15903599560260773,4.036952972412109,-0.05312946438789368,0.11855419725179672,False
994,19.900000000000002,0.1422341763973236,-0.03168286383152008,0.15903599560260773,4.0396342277526855,-0.05986814945936203,0.12261663377285004,False
995,19.92,0.1422341763973236,-0.03168286383152008,0.15903599560260773,4.045441150665283,-0.06523954123258591,0.13605213165283203,False
996,19.94,0.1422341763973236,-0.03168286383152008,0.15903599560260773,4.049463748931885,-0.07142817229032516,0.14897066354751587,False
997,19.96,0.1422341763973236,-0.03168286383152008,0.15903599560260773,4.054325580596924,-0.07659011334180832,0.15115037560462952,False
998,19.98,0.1422341763973236,-0.03168286383152008,0.15903599560260773,4.059402942657471,-0.08362020552158356,0.1637631058692932,False
999,20.0,0.1422341763973236,-0.03168286383152008,0.15903599560260773,4.063490390777588,-0.08723060041666031,0.16950909793376923,False
1000,20.02,0.19988085329532623,-0.03763971105217934,0.23492754995822906,4.067956447601318,-0.0902521163225174,0.17340558767318726,False
1001,20.04,0.19988085329532623,-0.03763971105217934,0.23492754995822906,4.0731201171875,-0.09365339577198029,0.18140465021133423,False
1002,20.06,0.19988085329532623,-0.03763971105217934,0.23492754995822906,4.075985908508301,-0.09414758533239365,0.18336571753025055,False
1003,20.080000000000002,0.19988085329532623,-0.03763971105217934,0.23492754995822906,4.080718517303467,-0.09679696708917618,0.19254299998283386,False
1004,20.1,0.19988085329532623,-0.03763971105217934,0.23492754995822906,4.083373546600342,-0.09753084927797318,0.19838790595531464,False
1005,20.12,0.19988085329532623,-0.03763971105217934,0.23492754995822906,4.087186336517334,-0.09945924580097198,0.20805500447750092,False
1006,20.14,0.19988085329532623,-0.03763971105217934,0.23492754995822906,4.089291572570801,-0.09987864643335342,0.21359871327877045,False
1007,20.16,0.19988085329532623,-0.03763971105217934,0.23492754995822906,4.0923333168029785,-0.10159294307231903,0.2161465734243393,False
1008,20.18,0.19988085329532623,-0.03763971105217934,0.23492754995822906,4.093679428100586,-0.10060886293649673,0.22042971849441528,False
1009,20.2,0.19988085329532623,-0.03763971105217934,0.23492754995822906,4.096900939941406,-0.10093841701745987,0.22461174428462982,False
1010,20.22,0.19988085329532623,-0.03763971105217934,0.23492754995822906,4.100186347961426,-0.10072990506887436,0.2234443575143814,False
1011,20.240000000000002,0.19988085329532623,-0.03763971105217934,0.23492754995822906,4.101871013641357,-0.09792738407850266,0.23211482167243958,False
1012,20.26,0.19988085329532623,-0.03763971105217934,0.23492754995822906,4.104918956756592,-0.09668263792991638,0.2378876507282257,False
1013,20.28,0.19988085329532623,-0.03763971105217934,0.23492754995822906,4.107565879821777,-0.09528561681509018,0.2327950894832611,False
1014,20.3,0.19988085329532623,-0.03763971105217934,0.23492754995822906,4.109307289123535,-0.0922573059797287,0.23145242035388947,False
1015,20.32,0.19988085329532623,-0.03763971105217934,0.23492754995822906,4.111392498016357,-0.09049103409051895,0.23536096513271332,False
1016,20.34,0.19988085329532623,-0.03763971105217934,0.23492754995822906,4.113217353820801,-0.08838474750518799,0.23561637103557587,False
1017,20.36,0.19988085329532623,-0.03763971105217934,0.23492754995822906,4.115330696105957,-0.0843721404671669,0.2219049036502838,False
1018,20.38,0.19988085329532623,-0.03763971105217934,0.23492754995822906,4.116418361663818,-0.08303038775920868,0.22345933318138123,False
1019,20.400000000000002,0.19988085329532623,-0.03763971105217934,0.23492754995822906,4.118345260620117,-0.07955595850944519,0.21511399745941162,False
1020,20.42,0.19988085329532623,-0.03763971105217934,0.23492754995822906,4.1191182136535645,-0.0776064470410347,0.2162601351737976,False
1021,20.44,0.19988085329532623,-0.03763971105217934,0.23492754995822906,4.119505405426025,-0.07602784037590027,0.2146558314561844,False
1022,20.46,0.19988085329532623,-0.03763971105217934,0.23492754995822906,4.120474815368652,-0.07336399704217911,0.212562695145607,False
1023,20.48,0.19988085329532623,-0.03763971105217934,0.23492754995822906,4.121742248535156,-0.07273899018764496,0.21432536840438843,False
1024,20.5,0.19988085329532623,-0.03763971105217934,0.23492754995822906,4.123848915100098,-0.07198037952184677,0.22093699872493744,False
1025,20.52,0.24306674301624298,-0.039770737290382385,0.24630554020404816,4.127076148986816,-0.06933379173278809,0.23230040073394775,False
1026,20.54,0.24306674301624298,-0.039770737290382385,0.24630554020404816,4.129995346069336,-0.06796025484800339,0.25509437918663025,False
1027,20.56,0.24306674301624298,-0.039770737290382385,0.24630554020404816,4.133708477020264,-0.06637313216924667,0.28314805030822754,False
1028,20.580000000000002,0.24306674301624298,-0.039770737290382385,0.24630554020404816,4.136193752288818,-0.06308932602405548,0.2894243001937866,False
1029,20.6,0.24306674301624298,-0.039770737290382385,0.24630554020404816,4.139084339141846,-0.06010882928967476,0.30662965774536133,False
1030,20.62,0.24306674301624298,-0.039770737290382385,0.24630554020404816,4.143391132354736,-0.05822470784187317,0.3223172426223755,False
1031,20.64,0.24306674301624298,-0.039770737290382385,0.24630554020404816,4.147070407867432,-0.05547332018613815,0.32630375027656555,False
1032,20.66,0.24306674301624298,-0.039770737290382385,0.24630554020404816,4.150145053863525,-0.053164150565862656,0.3316449224948883,False
1033,20.68,0.24306674301624298,-0.039770737290382385,0.24630554020404816,4.151726245880127,-0.049716971814632416,0.3401949107646942,False
1034,20.7,0.24306674301624298,-0.039770737290382385,0.24630554020404816,4.152585983276367,-0.04518413171172142,0.3525245189666748,False
1035,20.72,0.24306674301624298,-0.039770737290382385,0.24630554020404816,4.153775691986084,-0.0421658530831337,0.3591640591621399,False
1036,20.740000000000002,0.24306674301624298,-0.039770737290382385,0.24630554020404816,4.153063774108887,-0.03676234930753708,0.37008875608444214,False
1037,20.76,0.24306674301624298,-0.039770737290382385,0.24630554020404816,4.153494834899902,-0.032966453582048416,0.37610605359077454,False
1038,20.78,0.24306674301624298,-0.039770737290382385,0.24630554020404816,4.152864933013916,-0.027193177491426468,0.3863213360309601,False
1039,20.8,0.24306674301624298,-0.039770737290382385,0.24630554020404816,4.15407133102417,-0.0220399871468544,0.40029585361480713,False
1040,20.82,0.24306674301624298,-0.039770737290382385,0.24630554020404816,4.155704021453857,-0.014739474281668663,0.4161391258239746,False
1041,20.84,0.24306674301624298,-0.039770737290382385,0.24630554020404816,4.158044338226318,-0.008024212904274464,0.4272972047328949,False
1042,20.86,0.24306674301624298,-0.039770737290382385,0.24630554020404816,4.160260200500488,0.00047147716395556927,0.4455663561820984,False
1043,20.88,0.24306674301624298,-0.039770737290382385,0.24630554020404816,4.163190841674805,0.008037956431508064,0.45328590273857117,False
1044,20.900000000000002,0.24306674301624298,-0.039770737290382385,0.24630554020404816,4.166138172149658,0.01541125774383545,0.46352747082710266,False
1045,20.92,0.24306674301624298,-0.039770737290382385,0.24630554020404816,4.168684005737305,0.02428533136844635,0.46255213022232056,False
1046,20.94,0.24306674301624298,-0.039770737290382385,0.24630554020404816,4.171875,0.031169796362519264,0.4660143554210663,False
1047,20.96,0.24306674301624298,-0.039770737290382385,0.24630554020404816,4.174969673156738,0.03828579559922218,0.4644457697868347,False
1048,20.98,0.24306674301624298,-0.039770737290382385,0.24630554020404816,4.178038597106934,0.047614891082048416,0.4624439775943756,False
1049,21.0,0.24306674301624298,-0.039770737290382385,0.24630554020404816,4.180353164672852,0.05528721958398819,0.4625426232814789,False
1050,21.02,0.2311708629131317,-0.03896145522594452,0.21885953843593597,4.182695388793945,0.06267063319683075,0.46648257970809937,False
1051,21.04,0.2311708629131317,-0.03896145522594452,0.21885953843593597,4.185947895050049,0.07129205763339996,0.4764472246170044,False
1052,21.06,0.2311708629131317,-0.03896145522594452,0.21885953843593597,4.190816879272461,0.07948131114244461,0.4852478504180908,False
1053,21.080000000000002,0.2311708629131317,-0.03896145522594452,0.21885953843593597,4.196526050567627,0.08992432802915573,0.5047944188117981,False
1054,21.1,0.2311708629131317,-0.03896145522594452,0.21885953843593597,4.200091361999512,0.10038959980010986,0.5462648272514343,False
1055,21.12,0.2311708629131317,-0.03896145522594452,0.21885953843593597,4.198676586151123,0.11019675433635712,0.5951006412506104,False
1056,21.14,0.2311708629131317,-0.03896145522594452,0.21885953843593597,4.198242664337158,0.12055718153715134,0.6195483207702637,False
1057,21.16,0.2311708629131317,-0.03896145522594452,0.21885953843593597,4.200649261474609,0.12916463613510132,0.6233367323875427,False
1058,21.18,0.2311708629131317,-0.03896145522594452,0.21885953843593597,4.2027459144592285,0.13750027120113373,0.6354385614395142,False
1059,21.2,0.2311708629131317,-0.03896145522594452,0.21885953843593597,4.2028608322143555,0.14633336663246155,0.6595948338508606,False
1060,21.22,0.2311708629131317,-0.03896145522594452,0.21885953843593597,4.203779220581055,0.15373587608337402,0.6696290969848633,False
1061,21.240000000000002,0.2311708629131317,-0.03896145522594452,0.21885953843593597,4.203827381134033,0.16174910962581635,0.6714789867401123,False
1062,21.26,0.2311708629131317,-0.03896145522594452,0.21885953843593597,4.202672481536865,0.16895578801631927,0.6795811653137207,False
1063,21.28,0.2311708629131317,-0.03896145522594452,0.21885953843593597,4.203212261199951,0.1768358200788498,0.6777435541152954,False
1064,21.3,0.2311708629131317,-0.03896145522594452,0.21885953843593597,4.202980995178223,0.18489618599414825,0.6736331582069397,False
1065,21.32,0.2311708629131317,-0.03896145522594452,0.21885953843593597,4.202523231506348,0.1908779889345169,0.676835834980011,False
1066,21.34,0.2311708629131317,-0.03896145522594452,0.21885953843593597,4.2027459144592285,0.19636709988117218,0.6841568350791931,False
1067,21.36,0.2311708629131317,-0.03896145522594452,0.21885953843593597,4.203457832336426,0.20252342522144318,0.687094509601593,False
1068,21.38,0.2311708629131317,-0.03896145522594452,0.21885953843593597,4.2047014236450195,0.20859436690807343,0.6886985898017883,False
1069,21.400000000000002,0.2311708629131317,-0.03896145522594452,0.21885953843593597,4.206393718719482,0.21363356709480286,0.6929081082344055,False
1070,21.42,0.2311708629131317,-0.03896145522594452,0.21885953843593597,4.208230972290039,0.21785017848014832,0.6999230980873108,False
1071,21.44,0.2311708629131317,-0.03896145522594452,0.21885953843593597,4.210472106933594,0.22280269861221313,0.701357901096344,False
1072,21.46,0.2311708629131317,-0.03896145522594452,0.21885953843593597,4.212871551513672,0.22778582572937012,0.7079852819442749,False
1073,21.48,0.2311708629131317,-0.03896145522594452,0.21885953843593597,4.215363502502441,0.23166590929031372,0.7222964763641357,False
1074,21.5,0.2311708629131317,-0.03896145522594452,0.21885953843593597,4.217957496643066,0.23542280495166779,0.7398566007614136,False
1075,21.52,0.6298454999923706,-0.053331442177295685,0.3754560649394989,4.221067905426025,0.23946112394332886,0.7634403109550476,False
1076,21.54,0.6298454999923706,-0.053331442177295685,0.3754560649394989,4.2246551513671875,0.2446182668209076,0.7909242510795593,False
1077,21.56,0.6298454999923706,-0.053331442177295685,0.3754560649394989,4.225654125213623,0.24969467520713806,0.8167259693145752,False
1078,21.580000000000002,0.6298454999923706,-0.053331442177295685,0.3754560649394989,4.226606369018555,0.255216509103775,0.8359363079071045,False
1079,21.6,0.6298454999923706,-0.053331442177295685,0.3754560649394989,4.229976654052734,0.2602531909942627,0.8472297787666321,False
1080,21.62,0.6298454999923706,-0.053331442177295685,0.3754560649394989,4.234170913696289,0.2654505670070648,0.8598326444625854,False
1081,21.64,0.6298454999923706,-0.053331442177295685,0.3754560649394989,4.238453388214111,0.2705390751361847,0.8746379613876343,False
1082,21.66,0.6298454999923706,-0.053331442177295685,0.3754560649394989,4.24237060546875,0.27515554428100586,0.8927562832832336,False
1083,21.68,0.6298454999923706,-0.053331442177295685,0.3754560649394989,4.246909141540527,0.2802448272705078,0.9142370223999023,False
1084,21.7,0.6298454999923706,-0.053331442177295685,0.3754560649394989,4.250147342681885,0.28549569845199585,0.9402499794960022,False
1085,21.72,0.6298454999923706,-0.053331442177295685,0.3754560649394989,4.252410888671875,0.2904825508594513,0.967348039150238,False
1086,21.740000000000002,0.6298454999923706,-0.053331442177295685,0.3754560649394989,4.255212306976318,0.29508042335510254,0.9849405884742737,False
1087,21.76,0.6298454999923706,-0.053331442177295685,0.3754560649394989,4.2558770179748535,0.3004201054573059,1.004647970199585,False
1088,21.78,0.6298454999923706,-0.053331442177295685,0.3754560649394989,4.257854461669922,0.3071330189704895,1.0213679075241089,False
1089,21.8,0.6298454999923706,-0.053331442177295685,0.3754560649394989,4.2589192390441895,0.31517767906188965,1.0388778448104858,False
1090,21.82,0.6298454999923706,-0.053331442177295685,0.3754560649394989,4.261338233947754,0.32418152689933777,1.0567028522491455,False
1091,21.84,0.6298454999923706,-0.053331442177295685,0.3754560649394989,4.26165771484375,0.3346876800060272,1.0783307552337646,False
1092,21.86,0.6298454999923706,-0.053331442177295685,0.3754560649394989,4.263535499572754,0.34430983662605286,1.0901126861572266,False
1093,21.88,0.6298454999923706,-0.053331442177295685,0.3754560649394989,4.263767719268799,0.35438811779022217,1.102684497833252,False
1094,21.900000000000002,0.6298454999923706,-0.053331442177295685,0.3754560649394989,4.264753341674805,0.3634764552116394,1.0983831882476807,False
1095,21.92,0.6298454999923706,-0.053331442177295685,0.3754560649394989,4.263522624969482,0.37571609020233154,1.113365650177002,False
1096,21.94,0.6298454999923706,-0.053331442177295685,0.3754560649394989,4.263363361358643,0.3899815082550049,1.1101064682006836,False
1097,21.96,0.6298454999923706,-0.053331442177295685,0.3754560649394989,4.262293338775635,0.4033390283584595,1.1053154468536377,False
1098,21.98,0.6298454999923706,-0.053331442177295685,0.3754560649394989,4.259793281555176,0.41786229610443115,1.09952974319458,False
1099,22.0,0.6298454999923706,-0.053331442177295685,0.3754560649394989,4.258240699768066,0.4311923384666443,1.097630262374878,False
1100,22.02,0.9366148710250854,-0.07145935297012329,0.31394878029823303,4.256639003753662,0.4463782012462616,1.0990291833877563,False
1101,22.04,0.9366148710250854,-0.07145935297012329,0.31394878029823303,4.256488800048828,0.46317246556282043,1.1140031814575195,False
1102,22.06,0.9366148710250854,-0.07145935297012329,0.31394878029823303,4.256470680236816,0.485490083694458,1.1346691846847534,False
1103,22.080000000000002,0.9366148710250854,-0.07145935297012329,0.31394878029823303,4.253960132598877,0.5114651918411255,1.2109988927841187,False
1104,22.1,0.9366148710250854,-0.07145935297012329,0.31394878029823303,4.249266624450684,0.5326609015464783,1.3401825428009033,False
1105,22.12,0.9366148710250854,-0.07145935297012329,0.31394878029823303,4.242104530334473,0.5516101121902466,1.4481922388076782,False
1106,22.14,0.9366148710250854,-0.07145935297012329,0.31394878029823303,4.233669281005859,0.5714450478553772,1.5296082496643066,False
1107,22.16,0.9366148710250854,-0.07145935297012329,0.31394878029823303,4.230523586273193,0.5908617973327637,1.5797452926635742,False
1108,22.18,0.9366148710250854,-0.07145935297012329,0.31394878029823303,4.228133678436279,0.6086593270301819,1.6156467199325562,False
1109,22.2,0.9366148710250854,-0.07145935297012329,0.31394878029823303,4.224729537963867,0.6256365180015564,1.6511378288269043,False
1110,22.22,0.9366148710250854,-0.07145935297012329,0.31394878029823303,4.220343589782715,0.6419963240623474,1.675983190536499,False
1111,22.240000000000002,0.9366148710250854,-0.07145935297012329,0.31394878029823303,4.214425563812256,0.6600145697593689,1.6727120876312256,False
1112,22.26,0.9366148710250854,-0.07145935297012329,0.31394878029823303,4.208344459533691,0.6818138957023621,1.6645207405090332,False
1113,22.28,0.9366148710250854,-0.07145935297012329,0.31394878029823303,4.201663970947266,0.6982722282409668,1.6450144052505493,False
1114,22.3,0.9366148710250854,-0.07145935297012329,0.31394878029823303,4.195894241333008,0.7082297205924988,1.6153013706207275,False
1115,22.32,0.9366148710250854,-0.07145935297012329,0.31394878029823303,4.192899227142334,0.716767430305481,1.5987333059310913,False
1116,22.34,0.9366148710250854,-0.07145935297012329,0.31394878029823303,4.192110061645508,0.7248206734657288,1.5954596996307373,False
1117,22.36,0.9366148710250854,-0.07145935297012329,0.31394878029823303,4.192005634307861,0.7332305312156677,1.603360891342163,False
1118,22.38,0.9366148710250854,-0.07145935297012329,0.31394878029823303,4.189993381500244,0.7453988194465637,1.6177380084991455,False
1119,22.400000000000002,0.9366148710250854,-0.07145935297012329,0.31394878029823303,4.187602519989014,0.7581716179847717,1.6090222597122192,False
1120,22.42,0.9366148710250854,-0.07145935297012329,0.31394878029823303,4.186048984527588,0.7694318294525146,1.5859005451202393,False
1121,22.44,0.9366148710250854,-0.07145935297012329,0.31394878029823303,4.186061859130859,0.7788232564926147,1.5662721395492554,False
1122,22.46,0.9366148710250854,-0.07145935297012329,0.31394878029823303,4.1873345375061035,0.7870894074440002,1.5530470609664917,False
1123,22.48,0.9366148710250854,-0.07145935297012329,0.31394878029823303,4.189175128936768,0.7952306270599365,1.5454374551773071,False
1124,22.5,0.9366148710250854,-0.07145935297012329,0.31394878029823303,4.190717697143555,0.8039121627807617,1.5395513772964478,False
1125,22.52,0.9061287045478821,-0.08211702108383179,0.5175586938858032,4.192192554473877,0.8123615980148315,1.533587098121643,False
1126,22.54,0.9061287045478821,-0.08211702108383179,0.5175586938858032,4.19445276260376,0.8191452622413635,1.538712978363037,False
1127,22.56,0.9061287045478821,-0.08211702108383179,0.5175586938858032,4.196029186248779,0.826807975769043,1.544372797012329,False
1128,22.580000000000002,0.9061287045478821,-0.08211702108383179,0.5175586938858032,4.197145462036133,0.8349623680114746,1.5529481172561646,False
1129,22.6,0.9061287045478821,-0.08211702108383179,0.5175586938858032,4.198432922363281,0.8432371020317078,1.5634455680847168,False
1130,22.62,0.9061287045478821,-0.08211702108383179,0.5175586938858032,4.200488090515137,0.8509669899940491,1.5772799253463745,False
1131,22.64,0.9061287045478821,-0.08211702108383179,0.5175586938858032,4.202778339385986,0.8584829568862915,1.595963954925537,False
1132,22.66,0.9061287045478821,-0.08211702108383179,0.5175586938858032,4.204311370849609,0.8668578267097473,1.608056902885437,False
1133,22.68,0.9061287045478821,-0.08211702108383179,0.5175586938858032,4.206634044647217,0.8732402920722961,1.6283663511276245,False
1134,22.7,0.9061287045478821,-0.08211702108383179,0.5175586938858032,4.2067155838012695,0.8808603882789612,1.6498570442199707,False
1135,22.72,0.9061287045478821,-0.08211702108383179,0.5175586938858032,4.205585956573486,0.8886929154396057,1.6695621013641357,False
1136,22.740000000000002,0.9061287045478821,-0.08211702108383179,0.5175586938858032,4.2043962478637695,0.8973392844200134,1.682246208190918,False
1137,22.76,0.9061287045478821,-0.08211702108383179,0.5175586938858032,4.202974319458008,0.9061415791511536,1.6880053281784058,False
1138,22.78,0.9061287045478821,-0.08211702108383179,0.5175586938858032,4.201719284057617,0.915167510509491,1.6938737630844116,False
1139,22.8,0.9061287045478821,-0.08211702108383179,0.5175586938858032,4.199885845184326,0.9234415888786316,1.7081019878387451,False
1140,22.82,0.9061287045478821,-0.08211702108383179,0.5175586938858032,4.198665618896484,0.932858407497406,1.7261836528778076,False
1141,22.84,0.9061287045478821,-0.08211702108383179,0.5175586938858032,4.196291446685791,0.9414559006690979,1.7473961114883423,False
1142,22.86,0.9061287045478821,-0.08211702108383179,0.5175586938858032,4.193898677825928,0.9493850469589233,1.7705625295639038,False
1143,22.88,0.9061287045478821,-0.08211702108383179,0.5175586938858032,4.191537380218506,0.9565289616584778,1.792229175567627,False
1144,22.900000000000002,0.9061287045478821,-0.08211702108383179,0.5175586938858032,4.1888604164123535,0.9638436436653137,1.817367434501648,False
1145,22.92,0.9061287045478821,-0.08211702108383179,0.5175586938858032,4.18461275100708,0.9710692763328552,1.846883773803711,False
1146,22.94,0.9061287045478821,-0.08211702108383179,0.5175586938858032,4.1786723136901855,0.9771335124969482,1.8756078481674194,False
1147,22.96,0.9061287045478821,-0.08211702108383179,0.5175586938858032,4.1721696853637695,0.9832979440689087,1.9104185104370117,False
1148,22.98,0.9061287045478821,-0.08211702108383179,0.5175586938858032,4.165825366973877,0.9904882311820984,1.9609967470169067,False
1149,23.0,0.9061287045478821,-0.08211702108383179,0.5175586938858032,4.156894683837891,0.9959356784820557,2.0120413303375244,False
1150,23.02,0.49456459283828735,-0.003416218562051654,-0.5592615008354187,4.14827299118042,1.0031208992004395,2.069906711578369,False
1151,23.04,0.49456459283828735,-0.003416218562051654,-0.5592615008354187,4.137498378753662,1.0082969665527344,2.1171298027038574,False
1152,23.06,0.49456459283828735,-0.003416218562051654,-0.5592615008354187,4.127696514129639,1.0151792764663696,2.146575450897217,False
1153,23.080000000000002,0.49456459283828735,-0.003416218562051654,-0.5592615008354187,4.115340232849121,1.0223084688186646,2.181220054626465,False
1154,23.1,0.49456459283828735,-0.003416218562051654,-0.5592615008354187,4.101190567016602,1.029504418373108,2.2285044193267822,False
1155,23.12,0.49456459283828735,-0.003416218562051654,-0.5592615008354187,4.086013317108154,1.036130666732788,2.2938740253448486,False
1156,23.14,0.49456459283828735,-0.003416218562051654,-0.5592615008354187,4.070137023925781,1.0408062934875488,2.3804404735565186,False
1157,23.16,0.49456459283828735,-0.003416218562051654,-0.5592615008354187,4.054421901702881,1.0433834791183472,2.5044124126434326,False
1158,23.18,0.49456459283828735,-0.003416218562051654,-0.5592615008354187,4.040480613708496,1.0435523986816406,2.600850820541382,False
1159,23.2,0.49456459283828735,-0.003416218562051654,-0.5592615008354187,4.021623134613037,1.0395517349243164,2.667147159576416,False
1160,23.22,0.49456459283828735,-0.003416218562051654,-0.5592615008354187,4.0012593269348145,1.0416384935379028,2.7212202548980713,False
1161,23.240000000000002,0.49456459283828735,-0.003416218562051654,-0.5592615008354187,3.9788103103637695,1.0479737520217896,2.7515110969543457,False
1162,23.26,0.49456459283828735,-0.003416218562051654,-0.5592615008354187,3.956285238265991,1.056318998336792,2.765455961227417,False
1163,23.28,0.49456459283828735,-0.003416218562051654,-0.5592615008354187,3.931731700897217,1.0649514198303223,2.77738356590271,False
1164,23.3,0.49456459283828735,-0.003416218562051654,-0.5592615008354187,3.9086740016937256,1.0739586353302002,2.8041138648986816,False
1165,23.32,0.49456459283828735,-0.003416218562051654,-0.5592615008354187,3.8920254707336426,1.0815930366516113,2.8020803928375244,False
1166,23.34,0.49456459283828735,-0.003416218562051654,-0.5592615008354187,3.8772008419036865,1.0900568962097168,2.77982497215271,False
1167,23.36,0.49456459283828735,-0.003416218562051654,-0.5592615008354187,3.860384941101074,1.100090503692627,2.7690367698669434,False
1168,23.38,0.49456459283828735,-0.003416218562051654,-0.5592615008354187,3.841813087463379,1.1109554767608643,2.7645206451416016,False
1169,23.400000000000002,0.49456459283828735,-0.003416218562051654,-0.5592615008354187,3.82182240486145,1.120302438735962,2.777942180633545,False
1170,23.42,0.49456459283828735,-0.003416218562051654,-0.5592615008354187,3.7996091842651367,1.1289292573928833,2.8321075439453125,False
1171,23.44,0.49456459283828735,-0.003416218562051654,-0.5592615008354187,3.7770469188690186,1.1370896100997925,2.8477203845977783,False
1172,23.46,0.49456459283828735,-0.003416218562051654,-0.5592615008354187,3.7554430961608887,1.14560067653656,2.844252347946167,False
1173,23.48,0.49456459283828735,-0.003416218562051654,-0.5592615008354187,3.734210729598999,1.155410885810852,2.838958740234375,False
1174,23.5,0.49456459283828735,-0.003416218562051654,-0.5592615008354187,3.7145438194274902,1.1662263870239258,2.8307876586914062,False
1175,23.52,0.01863301731646061,-0.012604598887264729,-0.5995610356330872,3.6961488723754883,1.1776126623153687,2.8201708793640137,False
1176,23.54,0.01863301731646061,-0.012604598887264729,-0.5995610356330872,3.6767232418060303,1.1882972717285156,2.838552951812744,False
1177,23.56,0.01863301731646061,-0.012604598887264729,-0.5995610356330872,3.6561641693115234,1.197722315788269,2.8707950115203857,False
1178,23.580000000000002,0.01863301731646061,-0.012604598887264729,-0.5995610356330872,3.6339211463928223,1.206357717514038,2.9008660316467285,False
1179,23.6,0.01863301731646061,-0.012604598887264729,-0.5995610356330872,3.6118388175964355,1.2149707078933716,2.933919906616211,False
1180,23.62,0.01863301731646061,-0.012604598887264729,-0.5995610356330872,3.593123197555542,1.2227580547332764,2.9619667530059814,False
1181,23.64,0.01863301731646061,-0.012604598887264729,-0.5995610356330872,3.578326463699341,1.2297024726867676,2.992321014404297,False
1182,23.66,0.01863301731646061,-0.012604598887264729,-0.5995610356330872,3.564448118209839,1.23672354221344,3.017239570617676,False
1183,23.68,0.01863301731646061,-0.012604598887264729,-0.5995610356330872,3.5494332313537598,1.2449328899383545,3.0326223373413086,False
1184,23.7,0.01863301731646061,-0.012604598887264729,-0.5995610356330872,3.5309042930603027,1.2556688785552979,3.058677911758423,False
1185,23.72,0.01863301731646061,-0.012604598887264729,-0.5995610356330872,3.5039470195770264,1.2686116695404053,3.124173641204834,False
1186,23.740000000000002,0.01863301731646061,-0.012604598887264729,-0.5995610356330872,3.471768617630005,1.2824783325195312,-3.087519645690918,False
1187,23.76,0.01863301731646061,-0.012604598887264729,-0.5995610356330872,3.4411308765411377,1.294856071472168,-3.0745604038238525,False
1188,23.78,0.01863301731646061,-0.012604598887264729,-0.5995610356330872,3.417020559310913,1.3046808242797852,-3.066791534423828,False
1189,23.8,0.01863301731646061,-0.012604598887264729,-0.5995610356330872,3.396217107772827,1.3146699666976929,-3.0636961460113525,False
1190,23.82,0.01863301731646061,-0.012604598887264729,-0.5995610356330872,3.3787882328033447,1.322965383529663,-3.102325916290283,False
1191,23.84,0.01863301731646061,-0.012604598887264729,-0.5995610356330872,3.363016128540039,1.3296430110931396,3.111079692840576,False
1192,23.86,0.01863301731646061,-0.012604598887264729,-0.5995610356330872,3.3482792377471924,1.3364503383636475,3.0676684379577637,False
1193,23.88,0.01863301731646061,-0.012604598887264729,-0.5995610356330872,3.332897186279297,1.3404693603515625,3.0183212757110596,False
1194,23.900000000000002,0.01863301731646061,-0.012604598887264729,-0.5995610356330872,3.316814422607422,1.3425297737121582,2.969297170639038,False
1195,23.92,0.01863301731646061,-0.012604598887264729,-0.5995610356330872,3.2991011142730713,1.3425159454345703,2.9169888496398926,False
1196,23.94,0.01863301731646061,-0.012604598887264729,-0.5995610356330872,3.2835543155670166,1.3440712690353394,2.8808045387268066,False
1197,23.96,0.01863301731646061,-0.012604598887264729,-0.5995610356330872,3.266144037246704,1.3469356298446655,2.850355863571167,False
1198,23.98,0.01863301731646061,-0.012604598887264729,-0.5995610356330872,3.2465624809265137,1.3548905849456787,2.8414318561553955,False
1199,24.0,0.01863301731646061,-0.012604598887264729,-0.5995610356330872,3.2237579822540283,1.3662062883377075,2.8372902870178223,False
1200,24.02,0.03988312929868698,-0.005612655077129602,-0.584735631942749,3.199716806411743,1.3792693614959717,2.8204407691955566,False
1201,24.04,0.03988312929868698,-0.005612655077129602,-0.584735631942749,3.17401123046875,1.3935202360153198,2.795748472213745,False
1202,24.060000000000002,0.03988312929868698,-0.005612655077129602,-0.584735631942749,3.1491026878356934,1.4077849388122559,2.7716166973114014,False
1203,24.080000000000002,0.03988312929868698,-0.005612655077129602,-0.584735631942749,3.125793933868408,1.4220948219299316,2.7375078201293945,False
1204,24.1,0.03988312929868698,-0.005612655077129602,-0.584735631942749,3.101961135864258,1.4360688924789429,2.721745014190674,False
1205,24.12,0.03988312929868698,-0.005612655077129602,-0.584735631942749,3.0787343978881836,1.450170874595642,2.713744640350342,False
1206,24.14,0.03988312929868698,-0.005612655077129602,-0.584735631942749,3.0572996139526367,1.4639408588409424,2.706707000732422,False
1207,24.16,0.03988312929868698,-0.005612655077129602,-0.584735631942749,3.0373082160949707,1.4769595861434937,2.71728777885437,False
1208,24.18,0.03988312929868698,-0.005612655077129602,-0.584735631942749,3.0177218914031982,1.4894031286239624,2.734811544418335,False
1209,24.2,0.03988312929868698,-0.005612655077129602,-0.584735631942749,2.9996676445007324,1.503523826599121,2.772003650665283,False
1210,24.22,0.03988312929868698,-0.005612655077129602,-0.584735631942749,2.981818437576294,1.5187698602676392,2.800182819366455,False
1211,24.240000000000002,0.03988312929868698,-0.005612655077129602,-0.584735631942749,2.9634053707122803,1.535612940788269,2.849515199661255,False
1212,24.26,0.03988312929868698,-0.005612655077129602,-0.584735631942749,2.94547176361084,1.5538618564605713,2.901548147201538,False
1213,24.28,0.03988312929868698,-0.005612655077129602,-0.584735631942749,2.928262948989868,1.5726184844970703,2.9630978107452393,False
1214,24.3,0.03988312929868698,-0.005612655077129602,-0.584735631942749,2.912041187286377,1.5911006927490234,3.026836633682251,False
1215,24.32,0.03988312929868698,-0.005612655077129602,-0.584735631942749,2.9005231857299805,1.6115610599517822,3.0592126846313477,False
1216,24.34,0.03988312929868698,-0.005612655077129602,-0.584735631942749,2.8944079875946045,1.6347620487213135,3.0115890502929688,False
1217,24.36,0.03988312929868698,-0.005612655077129602,-0.584735631942749,2.886934995651245,1.659206748008728,2.9046316146850586,False
1218,24.38,0.03988312929868698,-0.005612655077129602,-0.584735631942749,2.8633432388305664,1.678117275238037,2.730940103530884,False
1219,24.400000000000002,0.03988312929868698,-0.005612655077129602,-0.584735631942749,2.837916851043701,1.693253755569458,2.4125959873199463,False
1220,24.42,0.03988312929868698,-0.005612655077129602,-0.584735631942749,2.8385894298553467,1.7090036869049072,2.1499440670013428,False
1221,24.44,0.03988312929868698,-0.005612655077129602,-0.584735631942749,2.8526809215545654,1.7243373394012451,1.4507652521133423,False
1222,24.46,0.03988312929868698,-0.005612655077129602,-0.584735631942749,2.855802297592163,1.7442954778671265,2.0142579078674316,False
1223,24.48,0.03988312929868698,-0.005612655077129602,-0.584735631942749,2.8522231578826904,1.7585545778274536,2.74096417427063,False
1224,24.5,0.03988312929868698,-0.005612655077129602,-0.584735631942749,2.8520169258117676,1.7492704391479492,3.0629353523254395,False
1225,24.52,0.15241342782974243,-0.061988282948732376,-0.5986798405647278,2.8497426509857178,1.7275493144989014,-3.0733895301818848,False
1226,24.54,0.15241342782974243,-0.061988282948732376,-0.5986798405647278,2.8432414531707764,1.700834035873413,-2.8885297775268555,False
1227,24.560000000000002,0.15241342782974243,-0.061988282948732376,-0.5986798405647278,2.8558130264282227,1.6857489347457886,-2.7042951583862305,False
1228,24.580000000000002,0.15241342782974243,-0.061988282948732376,-0.5986798405647278,2.877500057220459,1.683962106704712,-2.456883430480957,False
1229,24.6,0.15241342782974243,-0.061988282948732376,-0.5986798405647278,2.894963026046753,1.6850674152374268,-2.147399425506592,False
1230,24.62,0.15241342782974243,-0.061988282948732376,-0.5986798405647278,2.8899447917938232,1.684187889099121,-1.9711159467697144,False
1231,24.64,0.15241342782974243,-0.061988282948732376,-0.5986798405647278,2.884509325027466,1.678644061088562,-1.732654333114624,False
1232,24.66,0.15241342782974243,-0.061988282948732376,-0.5986798405647278,2.8856377601623535,1.68441903591156,-1.8820011615753174,False
1233,24.68,0.15241342782974243,-0.061988282948732376,-0.5986798405647278,2.8914361000061035,1.6985074281692505,-2.1666760444641113,False
1234,24.7,0.15241342782974243,-0.061988282948732376,-0.5986798405647278,2.8958404064178467,1.704463243484497,-2.2710838317871094,False
1235,24.72,0.15241342782974243,-0.061988282948732376,-0.5986798405647278,0.04621316120028496,-0.01802152767777443,-0.002521334681659937,True
1236,24.740000000000002,0.15241342782974243,-0.061988282948732376,-0.5986798405647278,0.04611416906118393,-0.018085334450006485,-0.005429120268672705,False
1237,24.76,0.15241342782974243,-0.061988282948732376,-0.5986798405647278,0.007442384958267212,0.0017738938331604004,0.0002981936850119382,True
1238,24.78,0.15241342782974243,-0.061988282948732376,-0.5986798405647278,0.009120842441916466,0.0018377855885773897,0.002313906792551279,False
1239,24.8,0.15241342782974243,-0.061988282948732376,-0.5986798405647278,0.00784710980951786,0.0012883117888122797,0.006878310348838568,False
1240,24.82,0.15241342782974243,-0.061988282948732376,-0.5986798405647278,0.007326323539018631,0.00025420566089451313,0.010280635207891464,False
1241,24.84,0.15241342782974243,-0.061988282948732376,-0.5986798405647278,0.008565003983676434,-0.001046299235895276,0.010234806686639786,False
1242,24.86,0.15241342782974243,-0.061988282948732376,-0.5986798405647278,0.0091968709602952,-0.0009368176688440144,0.01082632876932621,False
1243,24.88,0.15241342782974243,-0.061988282948732376,-0.5986798405647278,0.00939149409532547,-0.0014055670471861959,0.011420545168220997,False
1244,24.900000000000002,0.15241342782974243,-0.061988282948732376,-0.5986798405647278,0.010018378496170044,-0.0022743591107428074,0.012251041829586029,False
1245,24.92,0.15241342782974243,-0.061988282948732376,-0.5986798405647278,0.009550461545586586,-0.0037344535812735558,0.005932717118412256,False
1246,24.94,0.15241342782974243,-0.061988282948732376,-0.5986798405647278,0.006304374895989895,-0.004742862191051245,-0.0245502982288599,False
1247,24.96,0.15241342782974243,-0.061988282948732376,-0.5986798405647278,0.0041604675352573395,-0.004977948032319546,-0.01712416298687458,False
1248,24.98,0.15241342782974243,-0.061988282948732376,-0.5986798405647278,0.0018423919100314379,-0.0059710717760026455,-0.02108132280409336,False
1249,25.0,0.15241342782974243,-0.061988282948732376,-0.5986798405647278,-0.002141386503353715,-0.007916301488876343,-0.021832508966326714,False
1250,25.02,0.057916272431612015,-0.06171426549553871,-0.5987580418586731,-0.004033631645143032,-0.009348270483314991,-0.025384368374943733,False
1251,25.04,0.057916272431612015,-0.06171426549553871,-0.5987580418586731,0.01000193227082491,-0.010745981708168983,-0.024377366527915,False
1252,25.060000000000002,0.057916272431612015,-0.06171426549553871,-0.5987580418586731,0.017850035801529884,-0.01374509371817112,-0.024174489080905914,False
1253,25.080000000000002,0.057916272431612015,-0.06171426549553871,-0.5987580418586731,0.025142168626189232,-0.013738531619310379,-0.00925484485924244,False
1254,25.1,0.057916272431612015,-0.06171426549553871,-0.5987580418586731,0.027290549129247665,-0.013848012313246727,-0.005653415806591511,False
1255,25.12,0.057916272431612015,-0.06171426549553871,-0.5987580418586731,0.029888469725847244,-0.013335364870727062,0.028631538152694702,False
1256,25.14,0.057916272431612015,-0.06171426549553871,-0.5987580418586731,0.03552766144275665,-0.012825671583414078,0.06966790556907654,False
1257,25.16,0.057916272431612015,-0.06171426549553871,-0.5987580418586731,0.0442768894135952,-0.01303994469344616,0.10066215693950653,False
1258,25.18,0.057916272431612015,-0.06171426549553871,-0.5987580418586731,0.05140825733542442,-0.014507265761494637,0.17530032992362976,False
1259,25.2,0.057916272431612015,-0.06171426549553871,-0.5987580418586731,0.047880176454782486,-0.016474099829792976,0.2861012816429138,False
1260,25.22,0.057916272431612015,-0.06171426549553871,-0.5987580418586731,0.03559449315071106,-0.019323932006955147,0.3807801902294159,False
1261,25.240000000000002,0.057916272431612015,-0.06171426549553871,-0.5987580418586731,0.016448043286800385,-0.019511597231030464,0.4156889319419861,False
1262,25.26,0.057916272431612015,-0.06171426549553871,-0.5987580418586731,-0.008772291243076324,-0.01648440770804882,0.3874877691268921,False
1263,25.28,0.057916272431612015,-0.06171426549553871,-0.5987580418586731,-0.03936905413866043,-0.012668503448367119,0.3151586949825287,False
1264,25.3,0.057916272431612015,-0.06171426549553871,-0.5987580418586731,-0.07381942123174667,-0.010754156857728958,0.23441261053085327,False
1265,25.32,0.057916272431612015,-0.06171426549553871,-0.5987580418586731,-0.10959415137767792,-0.012762455269694328,0.17360900342464447,False
1266,25.34,0.057916272431612015,-0.06171426549553871,-0.5987580418586731,-0.1305779367685318,-0.013783318921923637,0.13791333138942719,False
1267,25.36,0.057916272431612015,-0.06171426549553871,-0.5987580418586731,-0.13821133971214294,-0.011601552367210388,0.14347942173480988,False
1268,25.38,0.057916272431612015,-0.06171426549553871,-0.5987580418586731,-0.1446852833032608,-0.012781277298927307,0.12403704226016998,False
1269,25.400000000000002,0.057916272431612015,-0.06171426549553871,-0.5987580418586731,-0.1502615064382553,-0.016371285542845726,0.07713305205106735,False
1270,25.42,0.057916272431612015,-0.06171426549553871,-0.5987580418586731,-0.15735779702663422,-0.010286636650562286,0.06342760473489761,False
1271,25.44,0.057916272431612015,-0.06171426549553871,-0.5987580418586731,-0.16682834923267365,0.003569500520825386,0.11046487092971802,False
1272,25.46,0.057916272431612015,-0.06171426549553871,-0.5987580418586731,-0.17769253253936768,0.018873633816838264,0.19634383916854858,False
1273,25.48,0.057916272431612015,-0.06171426549553871,-0.5987580418586731,-0.187622532248497,0.03421282023191452,0.29262709617614746,False
1274,25.5,0.057916272431612015,-0.06171426549553871,-0.5987580418586731,-0.19324751198291779,0.050632815808057785,0.40309852361679077,False
1275,25.52,-0.022773895412683487,-0.06539148837327957,-0.6196535229682922,-0.19680774211883545,0.07298217713832855,0.6181471943855286,False
1276,25.54,-0.022773895412683487,-0.06539148837327957,-0.6196535229682922,-0.1973779797554016,0.10250868648290634,0.9859260320663452,False
1277,25.560000000000002,-0.022773895412683487,-0.06539148837327957,-0.6196535229682922,-0.1864723563194275,0.13889119029045105,1.2935720682144165,False
1278,25.580000000000002,-0.022773895412683487,-0.06539148837327957,-0.6196535229682922,-0.17225217819213867,0.17636914551258087,1.4040491580963135,False
1279,25.6,-0.022773895412683487,-0.06539148837327957,-0.6196535229682922,-0.16481345891952515,0.2089441418647766,1.4839198589324951,False
1280,25.62,-0.022773895412683487,-0.06539148837327957,-0.6196535229682922,-0.16814984381198883,0.23080503940582275,1.6063716411590576,False
1281,25.64,-0.022773895412683487,-0.06539148837327957,-0.6196535229682922,-0.183694526553154,0.2403717339038849,1.7626399993896484,False
1282,25.66,-0.022773895412683487,-0.06539148837327957,-0.6196535229682922,-0.20272374153137207,0.24982979893684387,1.8935365676879883,False
1283,25.68,-0.022773895412683487,-0.06539148837327957,-0.6196535229682922,-0.22560428082942963,0.26032495498657227,1.9496444463729858,False
1284,25.7,-0.022773895412683487,-0.06539148837327957,-0.6196535229682922,-0.25144195556640625,0.27345606684684753,2.0494494438171387,False
1285,25.72,-0.022773895412683487,-0.06539148837327957,-0.6196535229682922,-0.2800125777721405,0.286392480134964,2.2167956829071045,False
1286,25.740000000000002,-0.022773895412683487,-0.06539148837327957,-0.6196535229682922,-0.3149978220462799,0.29060623049736023,2.436523199081421,False
1287,25.76,-0.022773895412683487,-0.06539148837327957,-0.6196535229682922,-0.3527597486972809,0.289301335811615,2.3009378910064697,False
1288,25.78,-0.022773895412683487,-0.06539148837327957,-0.6196535229682922,-0.38923215866088867,0.2997559905052185,2.0443155765533447,False
1289,25.8,-0.022773895412683487,-0.06539148837327957,-0.6196535229682922,-0.4132351875305176,0.3193496763706207,1.8275614976882935,False
1290,25.82,-0.022773895412683487,-0.06539148837327957,-0.6196535229682922,-0.43688642978668213,0.3405942916870117,1.8503485918045044,False
1291,25.84,-0.022773895412683487,-0.06539148837327957,-0.6196535229682922,-0.45187121629714966,0.34070083498954773,1.9195200204849243,False
1292,25.86,-0.022773895412683487,-0.06539148837327957,-0.6196535229682922,-0.46720555424690247,0.328304648399353,1.8432190418243408,False
1293,25.88,-0.022773895412683487,-0.06539148837327957,-0.6196535229682922,-0.4796668589115143,0.3265102803707123,1.7539007663726807,False
1294,25.900000000000002,-0.022773895412683487,-0.06539148837327957,-0.6196535229682922,-0.4793204367160797,0.3282298445701599,1.666508674621582,False
1295,25.92,-0.022773895412683487,-0.06539148837327957,-0.6196535229682922,-0.46183890104293823,0.32268595695495605,1.893110752105713,False
1296,25.94,-0.022773895412683487,-0.06539148837327957,-0.6196535229682922,-0.44348615407943726,0.3220948278903961,2.208033561706543,False
1297,25.96,-0.022773895412683487,-0.06539148837327957,-0.6196535229682922,-0.4694423973560333,0.33757713437080383,2.448540687561035,False
1298,25.98,-0.022773895412683487,-0.06539148837327957,-0.6196535229682922,-0.5166646838188171,0.3534104824066162,2.5977871417999268,False
1299,26.0,-0.022773895412683487,-0.06539148837327957,-0.6196535229682922,-0.5564298033714294,0.35478007793426514,2.809223175048828,False
1300,26.02,-0.007585006300359964,-0.08671670407056808,-0.5733519196510315,-0.5740190744400024,0.3542088270187378,3.034576654434204,False
1301,26.04,-0.007585006300359964,-0.08671670407056808,-0.5733519196510315,-0.571544349193573,0.36742737889289856,2.9788787364959717,False
1302,26.060000000000002,-0.007585006300359964,-0.08671670407056808,-0.5733519196510315,-0.5502792000770569,0.3980886936187744,2.706235408782959,False
1303,26.080000000000002,-0.007585006300359964,-0.08671670407056808,-0.5733519196510315,-0.5178936123847961,0.4209018051624298,2.147770404815674,False
1304,26.1,-0.007585006300359964,-0.08671670407056808,-0.5733519196510315,-0.5060705542564392,0.41742321848869324,1.4385969638824463,False
1305,26.12,-0.007585006300359964,-0.08671670407056808,-0.5733519196510315,-0.5064351558685303,0.4073791801929474,0.7623794674873352,False
1306,26.14,-0.007585006300359964,-0.08671670407056808,-0.5733519196510315,-0.5435487627983093,0.3871234655380249,0.9971978664398193,False
1307,26.16,-0.007585006300359964,-0.08671670407056808,-0.5733519196510315,-0.5645025968551636,0.39298829436302185,0.8740895390510559,False
1308,26.18,-0.007585006300359964,-0.08671670407056808,-0.5733519196510315,-0.5792491436004639,0.41615262627601624,0.5276299118995667,False
1309,26.2,-0.007585006300359964,-0.08671670407056808,-0.5733519196510315,-0.5875347256660461,0.4347934424877167,0.11243396997451782,False
1310,26.22,-0.007585006300359964,-0.08671670407056808,-0.5733519196510315,-0.600657045841217,0.43799662590026855,-0.19650782644748688,False
1311,26.240000000000002,-0.007585006300359964,-0.08671670407056808,-0.5733519196510315,-0.605685293674469,0.42902910709381104,-0.36528947949409485,False
1312,26.26,-0.007585006300359964,-0.08671670407056808,-0.5733519196510315,-0.5977192521095276,0.4141545295715332,-0.3661903142929077,False
1313,26.28,-0.007585006300359964,-0.08671670407056808,-0.5733519196510315,-0.5725535750389099,0.40556299686431885,-0.4782799482345581,False
1314,26.3,-0.007585006300359964,-0.08671670407056808,-0.5733519196510315,-0.5639448761940002,0.4074099659919739,-0.46145233511924744,False
1315,26.32,-0.007585006300359964,-0.08671670407056808,-0.5733519196510315,-0.5860170722007751,0.4162418246269226,-0.055170703679323196,False
1316,26.34,-0.007585006300359964,-0.08671670407056808,-0.5733519196510315,-0.610588788986206,0.43136048316955566,0.29361873865127563,False
1317,26.36,-0.007585006300359964,-0.08671670407056808,-0.5733519196510315,-0.6087384223937988,0.44185730814933777,0.32815006375312805,False
1318,26.38,-0.007585006300359964,-0.08671670407056808,-0.5733519196510315,-0.013718660920858383,0.029901381582021713,-0.009119490161538124,True
1319,26.400000000000002,-0.007585006300359964,-0.08671670407056808,-0.5733519196510315,-0.013835348188877106,0.029823070392012596,-0.011889689601957798,False
1320,26.42,-0.007585006300359964,-0.08671670407056808,-0.5733519196510315,-0.014706839807331562,0.029516717419028282,-0.00853900145739317,False
1321,26.44,-0.007585006300359964,-0.08671670407056808,-0.5733519196510315,-0.015321847051382065,0.028280673548579216,-0.005244709085673094,False
1322,26.46,-0.007585006300359964,-0.08671670407056808,-0.5733519196510315,-0.013965042307972908,0.026826899498701096,-0.005422149319201708,False
1323,26.48,-0.007585006300359964,-0.08671670407056808,-0.5733519196510315,-0.012815088964998722,0.026254497468471527,-0.005583837628364563,False
1324,26.5,-0.007585006300359964,-0.08671670407056808,-0.5733519196510315,-0.012310389429330826,0.025673363357782364,-0.0041270749643445015,False
1325,26.52,0.010809650644659996,-0.07854234427213669,-0.5192984342575073,-0.011778776533901691,0.024764487519860268,-0.0014453752664849162,False
1326,26.54,0.010809650644659996,-0.07854234427213669,-0.5192984342575073,-0.010622251778841019,0.02438521943986416,3.0891602364135906e-05,False
1327,26.560000000000002,0.010809650644659996,-0.07854234427213669,-0.5192984342575073,-0.011680765077471733,0.02450096234679222,-0.014709589071571827,False
1328,26.580000000000002,0.010809650644659996,-0.07854234427213669,-0.5192984342575073,-0.015755152329802513,0.02399958111345768,-0.03615579754114151,False
1329,26.6,0.010809650644659996,-0.07854234427213669,-0.5192984342575073,-0.02224244549870491,0.023157067596912384,-0.06203441321849823,False
1330,26.62,0.010809650644659996,-0.07854234427213669,-0.5192984342575073,-0.02284516766667366,0.02330070734024048,-0.0903903916478157,False
1331,26.64,0.010809650644659996,-0.07854234427213669,-0.5192984342575073,-0.022867940366268158,0.02432013303041458,-0.11593285202980042,False
1332,26.66,0.010809650644659996,-0.07854234427213669,-0.5192984342575073,-0.020393533632159233,0.025203369557857513,-0.14678312838077545,False
1333,26.68,0.010809650644659996,-0.07854234427213669,-0.5192984342575073,-0.01493292860686779,0.023396538570523262,-0.15200193226337433,False
1334,26.7,0.010809650644659996,-0.07854234427213669,-0.5192984342575073,-0.007497838232666254,0.020167546346783638,-0.13338932394981384,False
1335,26.72,0.010809650644659996,-0.07854234427213669,-0.5192984342575073,-0.006549965590238571,0.019243542104959488,-0.11779000610113144,False
1336,26.740000000000002,0.010809650644659996,-0.07854234427213669,-0.5192984342575073,-0.004996624309569597,0.01814894564449787,-0.07666555792093277,False
1337,26.76,0.010809650644659996,-0.07854234427213669,-0.5192984342575073,-0.006148978602141142,0.016137249767780304,-0.031224969774484634,False
1338,26.78,0.010809650644659996,-0.07854234427213669,-0.5192984342575073,-0.007601766847074032,0.012700309976935387,0.0500524677336216,False
1339,26.8,0.010809650644659996,-0.07854234427213669,-0.5192984342575073,-0.011904011480510235,0.008522648364305496,0.1874273419380188,False
1340,26.82,0.010809650644659996,-0.07854234427213669,-0.5192984342575073,-0.025197993963956833,0.00746515579521656,0.31569766998291016,False
1341,26.84,0.010809650644659996,-0.07854234427213669,-0.5192984342575073,-0.04645729437470436,0.006996739190071821,0.33394619822502136,False
1342,26.86,0.010809650644659996,-0.07854234427213669,-0.5192984342575073,-0.06746142357587814,0.006371457129716873,0.3223547041416168,False
1343,26.88,0.010809650644659996,-0.07854234427213669,-0.5192984342575073,-0.0871959999203682,0.006023647263646126,0.31216418743133545,False
1344,26.900000000000002,0.010809650644659996,-0.07854234427213669,-0.5192984342575073,-0.10133980959653854,0.005020827054977417,0.3230275511741638,False
1345,26.92,0.010809650644659996,-0.07854234427213669,-0.5192984342575073,-0.1103961318731308,0.004775102250277996,0.33499008417129517,False
1346,26.94,0.010809650644659996,-0.07854234427213669,-0.5192984342575073,-0.11908628791570663,0.00645365659147501,0.3180600106716156,False
1347,26.96,0.010809650644659996,-0.07854234427213669,-0.5192984342575073,-0.12968948483467102,0.008818386122584343,0.25556737184524536,False
1348,26.98,0.010809650644659996,-0.07854234427213669,-0.5192984342575073,-0.13886407017707825,0.011026152409613132,0.18787255883216858,False
1349,27.0,0.010809650644659996,-0.07854234427213669,-0.5192984342575073,-0.14441579580307007,0.013633477501571178,0.14824146032333374,False
1350,27.02,0.1920493096113205,-0.08881906419992447,-0.5864467620849609,-0.1477433145046234,0.018347734585404396,0.12484653294086456,False
1351,27.04,0.1920493096113205,-0.08881906419992447,-0.5864467620849609,-0.15200230479240417,0.025689691305160522,0.09973085671663284,False
1352,27.060000000000002,0.1920493096113205,-0.08881906419992447,-0.5864467620849609,-0.15960156917572021,0.035201966762542725,0.07211973518133163,False
1353,27.080000000000002,0.1920493096113205,-0.08881906419992447,-0.5864467620849609,-0.1705511212348938,0.04547744244337082,0.04527825862169266,False
1354,27.1,0.1920493096113205,-0.08881906419992447,-0.5864467620849609,-0.18362364172935486,0.0566336065530777,0.01881755329668522,False
1355,27.12,0.1920493096113205,-0.08881906419992447,-0.5864467620849609,-0.19837535917758942,0.06818283349275589,0.0033536474220454693,False
1356,27.14,0.1920493096113205,-0.08881906419992447,-0.5864467620849609,-0.2136327624320984,0.07897976040840149,-0.007075643166899681,False
1357,27.16,0.1920493096113205,-0.08881906419992447,-0.5864467620849609,-0.2287662923336029,0.08887043595314026,-0.013509558513760567,False
1358,27.18,0.1920493096113205,-0.08881906419992447,-0.5864467620849609,-0.24409882724285126,0.09882277995347977,-0.008181708864867687,False
1359,27.2,0.1920493096113205,-0.08881906419992447,-0.5864467620849609,-0.25974780321121216,0.10960157960653305,0.005250171758234501,False
1360,27.22,0.1920493096113205,-0.08881906419992447,-0.5864467620849609,-0.275988906621933,0.12143345177173615,0.024022627621889114,False
1361,27.240000000000002,0.1920493096113205,-0.08881906419992447,-0.5864467620849609,-0.2926323711872101,0.13408121466636658,0.043814223259687424,False
1362,27.26,0.1920493096113205,-0.08881906419992447,-0.5864467620849609,-0.30896124243736267,0.147889643907547,0.0693025141954422,False
1363,27.28,0.1920493096113205,-0.08881906419992447,-0.5864467620849609,-0.323849618434906,0.1633724570274353,0.1056726723909378,False
1364,27.3,0.1920493096113205,-0.08881906419992447,-0.5864467620849609,-0.3357483148574829,0.18097379803657532,0.1609722226858139,False
1365,27.32,0.1920493096113205,-0.08881906419992447,-0.5864467620849609,-0.3431169390678406,0.2012162059545517,0.264478474855423,False
1366,27.34,0.1920493096113205,-0.08881906419992447,-0.5864467620849609,-0.34574994444847107,0.2217871993780136,0.43646737933158875,False
1367,27.36,0.1920493096113205,-0.08881906419992447,-0.5864467620849609,-0.3457392454147339,0.24089530110359192,0.5220077037811279,False
1368,27.38,0.1920493096113205,-0.08881906419992447,-0.5864467620849609,-0.35149163007736206,0.2661941349506378,0.5180193781852722,False
1369,27.400000000000002,0.1920493096113205,-0.08881906419992447,-0.5864467620849609,-0.3640299439430237,0.28627243638038635,0.4598252475261688,False
1370,27.42,0.1920493096113205,-0.08881906419992447,-0.5864467620849609,-0.3787303566932678,0.29908207058906555,0.4023812711238861,False
1371,27.44,0.1920493096113205,-0.08881906419992447,-0.5864467620849609,-0.40391767024993896,0.3042895495891571,0.40579789876937866,False
1372,27.46,0.1920493096113205,-0.08881906419992447,-0.5864467620849609,-0.4285888373851776,0.31211817264556885,0.42484936118125916,False
1373,27.48,0.1920493096113205,-0.08881906419992447,-0.5864467620849609,-0.44486740231513977,0.3280755281448364,0.43527230620384216,False
1374,27.5,0.1920493096113205,-0.08881906419992447,-0.5864467620849609,-0.45912376046180725,0.34560486674308777,0.4023233652114868,False
1375,27.52,0.18552371859550476,-0.08766711503267288,-0.591267466545105,-0.47089529037475586,0.36140912771224976,0.3694476783275604,False
1376,27.54,0.18552371859550476,-0.08766711503267288,-0.591267466545105,-0.47478610277175903,0.37562111020088196,0.29057520627975464,False
1377,27.560000000000002,0.18552371859550476,-0.08766711503267288,-0.591267466545105,-0.47387826442718506,0.39706215262413025,0.22384192049503326,False
1378,27.580000000000002,0.18552371859550476,-0.08766711503267288,-0.591267466545105,-0.46867480874061584,0.42553403973579407,0.19115351140499115,False
1379,27.6,0.18552371859550476,-0.08766711503267288,-0.591267466545105,-0.4661802053451538,0.45118993520736694,0.41047078371047974,False
1380,27.62,0.18552371859550476,-0.08766711503267288,-0.591267466545105,-0.46592652797698975,0.47596117854118347,0.5033243894577026,False
1381,27.64,0.18552371859550476,-0.08766711503267288,-0.591267466545105,-0.47211867570877075,0.4945768117904663,0.4341209828853607,False
1382,27.66,0.18552371859550476,-0.08766711503267288,-0.591267466545105,-0.4791169762611389,0.5076258778572083,0.5166388750076294,False
1383,27.68,0.18552371859550476,-0.08766711503267288,-0.591267466545105,-0.48043718934059143,0.519757866859436,0.5905380845069885,False
1384,27.7,0.18552371859550476,-0.08766711503267288,-0.591267466545105,-0.47271689772605896,0.5325742363929749,0.6265535354614258,False
1385,27.72,0.18552371859550476,-0.08766711503267288,-0.591267466545105,-0.4638826549053192,0.5498688220977783,0.6800443530082703,False
1386,27.740000000000002,0.18552371859550476,-0.08766711503267288,-0.591267466545105,-0.4624236822128296,0.5724092721939087,0.713039755821228,False
1387,27.76,0.18552371859550476,-0.08766711503267288,-0.591267466545105,-0.46700790524482727,0.5999097228050232,0.7961795330047607,False
1388,27.78,0.18552371859550476,-0.08766711503267288,-0.591267466545105,-0.4739519953727722,0.6307940483093262,0.8516740202903748,False
1389,27.8,0.18552371859550476,-0.08766711503267288,-0.591267466545105,-0.48419418931007385,0.6631007194519043,0.8983152508735657,False
1390,27.82,0.18552371859550476,-0.08766711503267288,-0.591267466545105,-0.4999347925186157,0.6942951679229736,0.8432080745697021,False
1391,27.84,0.18552371859550476,-0.08766711503267288,-0.591267466545105,-0.51995450258255,0.7176327705383301,0.8992053270339966,False
1392,27.86,0.18552371859550476,-0.08766711503267288,-0.591267466545105,-0.5273104310035706,0.7476539611816406,0.8283406496047974,False
1393,27.88,0.18552371859550476,-0.08766711503267288,-0.591267466545105,-0.522681474685669,0.7744548320770264,0.7001133561134338,False
1394,27.900000000000002,0.18552371859550476,-0.08766711503267288,-0.591267466545105,-0.5122359395027161,0.790398359298706,0.6460676789283752,False
1395,27.92,0.18552371859550476,-0.08766711503267288,-0.591267466545105,-0.4999768137931824,0.7979302406311035,0.6187613010406494,False
1396,27.94,0.18552371859550476,-0.08766711503267288,-0.591267466545105,-0.49175938963890076,0.8085928559303284,0.4588389992713928,False
1397,27.96,0.18552371859550476,-0.08766711503267288,-0.591267466545105,-0.4863009452819824,0.8203180432319641,0.27200064063072205,False
1398,27.98,0.18552371859550476,-0.08766711503267288,-0.591267466545105,-0.48156851530075073,0.8325828313827515,-0.000664967461489141,False
1399,28.0,0.18552371859550476,-0.08766711503267288,-0.591267466545105,-0.4699487090110779,0.8414599895477295,-0.31102925539016724,False
1400,28.02,0.2555927634239197,-0.08193398267030716,-0.6024767160415649,-0.452661395072937,0.8457551002502441,-0.6118119955062866,False
1401,28.04,0.2555927634239197,-0.08193398267030716,-0.6024767160415649,-0.42985856533050537,0.8477083444595337,-1.0182788372039795,False
1402,28.060000000000002,0.2555927634239197,-0.08193398267030716,-0.6024767160415649,-0.40171921253204346,0.8549445271492004,-1.6297882795333862,False
1403,28.080000000000002,0.2555927634239197,-0.08193398267030716,-0.6024767160415649,-0.37674516439437866,0.8674221038818359,-2.4875149726867676,False
1404,28.1,0.2555927634239197,-0.08193398267030716,-0.6024767160415649,-0.354800283908844,0.8689165711402893,2.8345766067504883,False
1405,28.12,0.2555927634239197,-0.08193398267030716,-0.6024767160415649,-0.3361767530441284,0.8660011887550354,2.3996520042419434,False
1406,28.14,0.2555927634239197,-0.08193398267030716,-0.6024767160415649,-0.32713615894317627,0.8649725914001465,2.2757201194763184,False
1407,28.16,0.2555927634239197,-0.08193398267030716,-0.6024767160415649,-0.33040279150009155,0.8624099493026733,2.3243300914764404,False
1408,28.18,0.2555927634239197,-0.08193398267030716,-0.6024767160415649,-0.3313116133213043,0.8778585195541382,2.7989754676818848,False
1409,28.2,0.2555927634239197,-0.08193398267030716,-0.6024767160415649,-0.007344834506511688,-0.020195741206407547,-0.009256468154489994,True
1410,28.22,0.2555927634239197,-0.08193398267030716,-0.6024767160415649,-0.007453012280166149,-0.020285319536924362,-0.012136325240135193,False
1411,28.240000000000002,0.2555927634239197,-0.08193398267030716,-0.6024767160415649,-0.008327087387442589,-0.02057286724448204,-0.008625649847090244,False
1412,28.26,0.2555927634239197,-0.08193398267030716,-0.6024767160415649,-0.008765320293605328,-0.02182408608496189,-0.005619203206151724,False
1413,28.28,0.2555927634239197,-0.08193398267030716,-0.6024767160415649,-0.0074167391285300255,-0.023325199261307716,-0.005689332727342844,False
1414,28.3,0.2555927634239197,-0.08193398267030716,-0.6024767160415649,-0.0063574290834367275,-0.02396596409380436,-0.005850576795637608,False
1415,28.32,0.2555927634239197,-0.08193398267030716,-0.6024767160415649,-0.005649306811392307,-0.024295004084706306,-0.005097380373626947,False
1416,28.34,0.2555927634239197,-0.08193398267030716,-0.6024767160415649,-0.0054690176621079445,-0.02499442547559738,-0.002557826228439808,False
1417,28.36,0.2555927634239197,-0.08193398267030716,-0.6024767160415649,-0.006144098471850157,-0.025842251256108284,-0.002524366369470954,False
1418,28.38,0.2555927634239197,-0.08193398267030716,-0.6024767160415649,-0.009476292878389359,-0.02676844596862793,-0.022862084209918976,False
1419,28.400000000000002,0.2555927634239197,-0.08193398267030716,-0.6024767160415649,-0.013973593711853027,-0.02697722613811493,-0.0430867075920105,False
1420,28.42,0.2555927634239197,-0.08193398267030716,-0.6024767160415649,-0.02037038840353489,-0.02705947495996952,-0.056273769587278366,False
1421,28.44,0.2555927634239197,-0.08193398267030716,-0.6024767160415649,-0.02192823588848114,-0.0266538318246603,-0.07435017079114914,False
1422,28.46,0.2555927634239197,-0.08193398267030716,-0.6024767160415649,-0.021571867167949677,-0.026828359812498093,-0.08669943362474442,False
1423,28.48,0.2555927634239197,-0.08193398267030716,-0.6024767160415649,-0.014078173786401749,-0.02741960808634758,-0.10194442421197891,False
1424,28.5,0.2555927634239197,-0.08193398267030716,-0.6024767160415649,-0.008163115940988064,-0.029646266251802444,-0.08894450217485428,False
1425,28.52,-0.09934789687395096,-0.07906791567802429,-0.6374468207359314,-0.0061743734404444695,-0.0324249304831028,-0.054833170026540756,False
1426,28.54,-0.09934789687395096,-0.07906791567802429,-0.6374468207359314,-0.005128319375216961,-0.03347886726260185,-0.029124626889824867,False
1427,28.560000000000002,-0.09934789687395096,-0.07906791567802429,-0.6374468207359314,-0.003940349444746971,-0.03436706215143204,0.004940723069012165,False
1428,28.580000000000002,-0.09934789687395096,-0.07906791567802429,-0.6374468207359314,-0.004002459347248077,-0.03618636727333069,0.03800654038786888,False
1429,28.6,-0.09934789687395096,-0.07906791567802429,-0.6374468207359314,-0.0019583171233534813,-0.03962178900837898,0.10407910495996475,False
1430,28.62,-0.09934789687395096,-0.07906791567802429,-0.6374468207359314,-0.0013555404730141163,-0.04198398068547249,0.19162064790725708,False
1431,28.64,-0.09934789687395096,-0.07906791567802429,-0.6374468207359314,-0.00909828208386898,-0.04133758321404457,0.26120418310165405,False
1432,28.66,-0.09934789687395096,-0.07906791567802429,-0.6374468207359314,-0.02861923724412918,-0.036652080714702606,0.2717169225215912,False
1433,28.68,-0.09934789687395096,-0.07906791567802429,-0.6374468207359314,-0.05734118074178696,-0.03111274540424347,0.254803866147995,False
1434,28.7,-0.09934789687395096,-0.07906791567802429,-0.6374468207359314,-0.08861177414655685,-0.026989756152033806,0.24629253149032593,False
1435,28.72,-0.09934789687395096,-0.07906791567802429,-0.6374468207359314,-0.11589569598436356,-0.022036418318748474,0.23685577511787415,False
1436,28.740000000000002,-0.09934789687395096,-0.07906791567802429,-0.6374468207359314,-0.13835735619068146,-0.016546353697776794,0.20931826531887054,False
1437,28.76,-0.09934789687395096,-0.07906791567802429,-0.6374468207359314,-0.15999442338943481,-0.014813147485256195,0.15045425295829773,False
1438,28.78,-0.09934789687395096,-0.07906791567802429,-0.6374468207359314,-0.18760643899440765,-0.013356869108974934,0.1042979434132576,False
1439,28.8,-0.09934789687395096,-0.07906791567802429,-0.6374468207359314,-0.21421851217746735,-0.013959713280200958,0.05614510551095009,False
1440,28.82,-0.09934789687395096,-0.07906791567802429,-0.6374468207359314,-0.2288772612810135,-0.01299460232257843,0.0519188717007637,False
1441,28.84,-0.09934789687395096,-0.07906791567802429,-0.6374468207359314,-0.2421324998140335,-0.013260362669825554,0.08368808776140213,False
1442,28.86,-0.09934789687395096,-0.07906791567802429,-0.6374468207359314,-0.2546998858451843,-0.012910040095448494,0.11515170335769653,False
1443,28.88,-0.09934789687395096,-0.07906791567802429,-0.6374468207359314,-0.26880598068237305,-0.009495481848716736,0.13945715129375458,False
1444,28.900000000000002,-0.09934789687395096,-0.07906791567802429,-0.6374468207359314,-0.2849440574645996,-0.0019097691401839256,0.16268113255500793,False
1445,28.92,-0.09934789687395096,-0.07906791567802429,-0.6374468207359314,-0.302552193403244,0.010845022276043892,0.1842534840106964,False
1446,28.94,-0.09934789687395096,-0.07906791567802429,-0.6374468207359314,-0.32317444682121277,0.02641315758228302,0.19443108141422272,False
1447,28.96,-0.09934789687395096,-0.07906791567802429,-0.6374468207359314,-0.3445398211479187,0.04122705012559891,0.21649698913097382,False
1448,28.98,-0.09934789687395096,-0.07906791567802429,-0.6374468207359314,-0.3650369942188263,0.055160168558359146,0.28204864263534546,False
1449,29.0,-0.09934789687395096,-0.07906791567802429,-0.6374468207359314,-0.3841961622238159,0.06991907954216003,0.38116729259490967,False
1450,29.02,-0.09818361699581146,-0.0871562510728836,-0.64151930809021,-0.40210697054862976,0.08782700449228287,0.49463868141174316,False
1451,29.04,-0.09818361699581146,-0.0871562510728836,-0.64151930809021,-0.41766950488090515,0.10782814025878906,0.5827630162239075,False
1452,29.060000000000002,-0.09818361699581146,-0.0871562510728836,-0.64151930809021,-0.42896538972854614,0.1266726702451706,0.6286298036575317,False
1453,29.080000000000002,-0.09818361699581146,-0.0871562510728836,-0.64151930809021,-0.4411066770553589,0.14174361526966095,0.620244026184082,False
1454,29.1,-0.09818361699581146,-0.0871562510728836,-0.64151930809021,-0.4585726857185364,0.15498287975788116,0.6049000024795532,False
1455,29.12,-0.09818361699581146,-0.0871562510728836,-0.64151930809021,-0.4810945987701416,0.16777586936950684,0.605911910533905,False
1456,29.14,-0.09818361699581146,-0.0871562510728836,-0.64151930809021,-0.507343053817749,0.1800595372915268,0.6422556638717651,False
1457,29.16,-0.09818361699581146,-0.0871562510728836,-0.64151930809021,-0.5332831740379333,0.18992994725704193,0.6832924485206604,False
1458,29.18,-0.09818361699581146,-0.0871562510728836,-0.64151930809021,-0.5560293793678284,0.1969546228647232,0.6910760402679443,False
1459,29.2,-0.09818361699581146,-0.0871562510728836,-0.64151930809021,-0.57206791639328,0.20216931402683258,0.7017925977706909,False
1460,29.22,-0.09818361699581146,-0.0871562510728836,-0.64151930809021,-0.5850546360015869,0.20650838315486908,0.7428516745567322,False
1461,29.240000000000002,-0.09818361699581146,-0.0871562510728836,-0.64151930809021,-0.5987154245376587,0.21500176191329956,0.7729938626289368,False
1462,29.26,-0.09818361699581146,-0.0871562510728836,-0.64151930809021,-0.6107171177864075,0.22650906443595886,0.7965158224105835,False
1463,29.28,-0.09818361699581146,-0.0871562510728836,-0.64151930809021,-0.6204097867012024,0.24092960357666016,0.8066996932029724,False
1464,29.3,-0.09818361699581146,-0.0871562510728836,-0.64151930809021,-0.6294878125190735,0.2576618492603302,0.8022660613059998,False
1465,29.32,-0.09818361699581146,-0.0871562510728836,-0.64151930809021,-0.6402974724769592,0.2756492793560028,0.8014748096466064,False
1466,29.34,-0.09818361699581146,-0.0871562510728836,-0.64151930809021,-0.652807354927063,0.29363352060317993,0.8067723512649536,False
1467,29.36,-0.09818361699581146,-0.0871562510728836,-0.64151930809021,-0.6665748357772827,0.310268372297287,0.814037561416626,False
1468,29.38,-0.09818361699581146,-0.0871562510728836,-0.64151930809021,-0.6794767379760742,0.32380181550979614,0.8236920833587646,False
1469,29.400000000000002,-0.09818361699581146,-0.0871562510728836,-0.64151930809021,-0.6906962990760803,0.3346603810787201,0.8368635773658752,False
1470,29.42,-0.09818361699581146,-0.0871562510728836,-0.64151930809021,-0.7001311182975769,0.3440700173377991,0.847994863986969,False
1471,29.44,-0.09818361699581146,-0.0871562510728836,-0.64151930809021,-0.7082143425941467,0.35339677333831787,0.845341145992279,False
1472,29.46,-0.09818361699581146,-0.0871562510728836,-0.64151930809021,-0.7156844139099121,0.36257585883140564,0.8251652717590332,False
1473,29.48,-0.09818361699581146,-0.0871562510728836,-0.64151930809021,-0.7230632305145264,0.3710514008998871,0.8048574328422546,False
1474,29.5,-0.09818361699581146,-0.0871562510728836,-0.64151930809021,-0.7270952463150024,0.3792484998703003,0.7831755876541138,False
1475,29.52,-0.05065014585852623,-0.0943259671330452,-0.6254992485046387,-0.7270314693450928,0.3872286379337311,0.758021354675293,False
1476,29.54,-0.05065014585852623,-0.0943259671330452,-0.6254992485046387,-0.7250325679779053,0.3943791687488556,0.7287229895591736,False
1477,29.560000000000002,-0.05065014585852623,-0.0943259671330452,-0.6254992485046387,-0.7237654328346252,0.4001299738883972,0.7088702321052551,False
1478,29.580000000000002,-0.05065014585852623,-0.0943259671330452,-0.6254992485046387,-0.7229057550430298,0.4036090075969696,0.7010282278060913,False
1479,29.6,-0.05065014585852623,-0.0943259671330452,-0.6254992485046387,-0.7221319675445557,0.4068882167339325,0.6940032243728638,False
1480,29.62,-0.05065014585852623,-0.0943259671330452,-0.6254992485046387,-0.7211323976516724,0.41106417775154114,0.6971439719200134,False
1481,29.64,-0.05065014585852623,-0.0943259671330452,-0.6254992485046387,-0.719215452671051,0.41654372215270996,0.7084656953811646,False
1482,29.66,-0.05065014585852623,-0.0943259671330452,-0.6254992485046387,-0.7157302498817444,0.4237072765827179,0.7152836918830872,False
1483,29.68,-0.05065014585852623,-0.0943259671330452,-0.6254992485046387,-0.7113216519355774,0.43237218260765076,0.7196401953697205,False
1484,29.7,-0.05065014585852623,-0.0943259671330452,-0.6254992485046387,-0.7044957280158997,0.4409627318382263,0.6985349655151367,False
1485,29.72,-0.05065014585852623,-0.0943259671330452,-0.6254992485046387,-0.6949262022972107,0.4483494162559509,0.6719140410423279,False
1486,29.740000000000002,-0.05065014585852623,-0.0943259671330452,-0.6254992485046387,-0.6860622763633728,0.4538857936859131,0.6545127630233765,False
1487,29.76,-0.05065014585852623,-0.0943259671330452,-0.6254992485046387,-0.680242657661438,0.45788389444351196,0.6393173336982727,False
1488,29.78,-0.05065014585852623,-0.0943259671330452,-0.6254992485046387,-0.6774773001670837,0.4618035554885864,0.6241952180862427,False
1489,29.8,-0.05065014585852623,-0.0943259671330452,-0.6254992485046387,-0.6758925318717957,0.46495115756988525,0.600810170173645,False
1490,29.82,-0.05065014585852623,-0.0943259671330452,-0.6254992485046387,-0.6737947463989258,0.4674789607524872,0.5760418176651001,False
1491,29.84,-0.05065014585852623,-0.0943259671330452,-0.6254992485046387,-0.670560359954834,0.46936851739883423,0.5603857040405273,False
1492,29.86,-0.05065014585852623,-0.0943259671330452,-0.6254992485046387,-0.6666589379310608,0.4707951843738556,0.5520443320274353,False
1493,29.88,-0.05065014585852623,-0.0943259671330452,-0.6254992485046387,-0.6627911925315857,0.472575306892395,0.5474598407745361,False
1494,29.900000000000002,-0.05065014585852623,-0.0943259671330452,-0.6254992485046387,-0.6590947508811951,0.4752110540866852,0.5451169013977051,False
1495,29.92,-0.05065014585852623,-0.0943259671330452,-0.6254992485046387,-0.6554462909698486,0.47841978073120117,0.5446598529815674,False
1496,29.94,-0.05065014585852623,-0.0943259671330452,-0.6254992485046387,-0.6516764163970947,0.48143520951271057,0.5462775826454163,False
1497,29.96,-0.05065014585852623,-0.0943259671330452,-0.6254992485046387,-0.6477999687194824,0.48364484310150146,0.5499604940414429,False
1498,29.98,-0.05065014585852623,-0.0943259671330452,-0.6254992485046387,-0.6438375115394592,0.4849473834037781,0.5540429949760437,False
1499,30.0,-0.05065014585852623,-0.0943259671330452,-0.6254992485046387,-0.6397437453269958,0.48564738035202026,0.5580875873565674,False
1500,30.02,0.015994101762771606,-0.08841408044099808,-0.6349759697914124,-0.6354672312736511,0.485877126455307,0.5611487627029419,False
1501,30.04,0.015994101762771606,-0.08841408044099808,-0.6349759697914124,-0.6307002305984497,0.4859446585178375,0.5639370083808899,False
1502,30.060000000000002,0.015994101762771606,-0.08841408044099808,-0.6349759697914124,-0.6252539157867432,0.48581308126449585,0.5653907656669617,False
1503,30.080000000000002,0.015994101762771606,-0.08841408044099808,-0.6349759697914124,-0.6193739175796509,0.4859931170940399,0.5656351447105408,False
1504,30.1,0.015994101762771606,-0.08841408044099808,-0.6349759697914124,-0.6134279370307922,0.4862230122089386,0.5619633793830872,False
1505,30.12,0.015994101762771606,-0.08841408044099808,-0.6349759697914124,-0.6075662970542908,0.4860577881336212,0.5563837885856628,False
1506,30.14,0.015994101762771606,-0.08841408044099808,-0.6349759697914124,-0.6021651029586792,0.4856378138065338,0.5491807460784912,False
1507,30.16,0.015994101762771606,-0.08841408044099808,-0.6349759697914124,-0.5972015857696533,0.485147625207901,0.5446927547454834,False
1508,30.18,0.015994101762771606,-0.08841408044099808,-0.6349759697914124,-0.5928090810775757,0.48473331332206726,0.5424546599388123,False
1509,30.2,0.015994101762771606,-0.08841408044099808,-0.6349759697914124,-0.588895857334137,0.4844644367694855,0.538474977016449,False
1510,30.22,0.015994101762771606,-0.08841408044099808,-0.6349759697914124,-0.5852488279342651,0.4843822121620178,0.5353841185569763,False
1511,30.240000000000002,0.015994101762771606,-0.08841408044099808,-0.6349759697914124,-0.581851065158844,0.4843686819076538,0.5310398936271667,False
1512,30.26,0.015994101762771606,-0.08841408044099808,-0.6349759697914124,-0.5788146257400513,0.48445937037467957,0.5273855924606323,False
1513,30.28,0.015994101762771606,-0.08841408044099808,-0.6349759697914124,-0.5762129426002502,0.48477911949157715,0.5225109457969666,False
1514,30.3,0.015994101762771606,-0.08841408044099808,-0.6349759697914124,-0.573921799659729,0.48566386103630066,0.5173612833023071,False
1515,30.32,0.015994101762771606,-0.08841408044099808,-0.6349759697914124,-0.5717182755470276,0.48701712489128113,0.5105294585227966,False
1516,30.34,0.015994101762771606,-0.08841408044099808,-0.6349759697914124,-0.5695652365684509,0.48879361152648926,0.5048801898956299,False
1517,30.36,0.015994101762771606,-0.08841408044099808,-0.6349759697914124,-0.5676518678665161,0.4908163845539093,0.5005906224250793,False
1518,30.38,0.015994101762771606,-0.08841408044099808,-0.6349759697914124,-0.5659943222999573,0.49244052171707153,0.5002530217170715,False
1519,30.400000000000002,0.015994101762771606,-0.08841408044099808,-0.6349759697914124,-0.5640295147895813,0.49359962344169617,0.5024285912513733,False
1520,30.42,0.015994101762771606,-0.08841408044099808,-0.6349759697914124,-0.5618786811828613,0.49498793482780457,0.5013697147369385,False
1521,30.44,0.015994101762771606,-0.08841408044099808,-0.6349759697914124,-0.5596261620521545,0.4963483214378357,0.4965818226337433,False
1522,30.46,0.015994101762771606,-0.08841408044099808,-0.6349759697914124,-0.5573741793632507,0.49727022647857666,0.49072763323783875,False
1523,30.48,0.015994101762771606,-0.08841408044099808,-0.6349759697914124,-0.5547914505004883,0.4977435767650604,0.48453083634376526,False
1524,30.5,0.015994101762771606,-0.08841408044099808,-0.6349759697914124,-0.5519090890884399,0.4979855716228485,0.4797621965408325,False
1525,30.52,0.11201784014701843,-0.092963807284832,-0.5736424922943115,-0.5488988161087036,0.4981292188167572,0.4749261736869812,False
1526,30.54,0.11201784014701843,-0.092963807284832,-0.5736424922943115,-0.5461287498474121,0.498065322637558,0.4700128138065338,False
1527,30.560000000000002,0.11201784014701843,-0.092963807284832,-0.5736424922943115,-0.5432751774787903,0.49795663356781006,0.46584564447402954,False
1528,30.580000000000002,0.11201784014701843,-0.092963807284832,-0.5736424922943115,-0.5400484204292297,0.49769964814186096,0.46112632751464844,False
1529,30.6,0.11201784014701843,-0.092963807284832,-0.5736424922943115,-0.5367142558097839,0.49755221605300903,0.459636926651001,False
1530,30.62,0.11201784014701843,-0.092963807284832,-0.5736424922943115,-0.533272385597229,0.49761974811553955,0.45861268043518066,False
1531,30.64,0.11201784014701843,-0.092963807284832,-0.5736424922943115,-0.5297086238861084,0.497825562953949,0.45655566453933716,False
1532,30.66,0.11201784014701843,-0.092963807284832,-0.5736424922943115,-0.5260420441627502,0.49803799390792847,0.45484045147895813,False
1533,30.68,0.11201784014701843,-0.092963807284832,-0.5736424922943115,-0.5221613645553589,0.4982205629348755,0.4533449709415436,False
1534,30.7,0.11201784014701843,-0.092963807284832,-0.5736424922943115,-0.5182185173034668,0.49859556555747986,0.45327097177505493,False
1535,30.72,0.11201784014701843,-0.092963807284832,-0.5736424922943115,-0.5145061016082764,0.49905160069465637,0.4540010988712311,False
1536,30.740000000000002,0.11201784014701843,-0.092963807284832,-0.5736424922943115,-0.5109553337097168,0.4995843172073364,0.4542158544063568,False
1537,30.76,0.11201784014701843,-0.092963807284832,-0.5736424922943115,-0.5075069665908813,0.5002564191818237,0.45348748564720154,False
1538,30.78,0.11201784014701843,-0.092963807284832,-0.5736424922943115,-0.5042085647583008,0.5009974241256714,0.4528690576553345,False
1539,30.8,0.11201784014701843,-0.092963807284832,-0.5736424922943115,-0.5009270906448364,0.5019127726554871,0.4515570402145386,False
1540,30.82,0.11201784014701843,-0.092963807284832,-0.5736424922943115,-0.49769899249076843,0.5030775666236877,0.4502086639404297,False
1541,30.84,0.11201784014701843,-0.092963807284832,-0.5736424922943115,-0.4947756230831146,0.5044344663619995,0.4502030909061432,False
1542,30.86,0.11201784014701843,-0.092963807284832,-0.5736424922943115,-0.4920702278614044,0.5058721899986267,0.4495875835418701,False
1543,30.88,0.11201784014701843,-0.092963807284832,-0.5736424922943115,-0.4894847273826599,0.507283091545105,0.4485680162906647,False
1544,30.900000000000002,0.11201784014701843,-0.092963807284832,-0.5736424922943115,-0.48691776394844055,0.5086933970451355,0.4480128586292267,False
1545,30.92,0.11201784014701843,-0.092963807284832,-0.5736424922943115,-0.48437437415122986,0.5100505352020264,0.44748327136039734,False
1546,30.94,0.11201784014701843,-0.092963807284832,-0.5736424922943115,-0.4816944897174835,0.51140296459198,0.4466077983379364,False
1547,30.96,0.11201784014701843,-0.092963807284832,-0.5736424922943115,-0.4789227843284607,0.5126647353172302,0.4454568922519684,False
1548,30.98,0.11201784014701843,-0.092963807284832,-0.5736424922943115,-0.4764147102832794,0.5138348937034607,0.4444996118545532,False
1549,31.0,0.11201784014701843,-0.092963807284832,-0.5736424922943115,-0.47397810220718384,0.5150293707847595,0.44506022334098816,False
1550,31.02,0.08303659409284592,-0.0943959504365921,-0.37792864441871643,-0.4715327322483063,0.5161373615264893,0.4446668028831482,False
1551,31.04,0.08303659409284592,-0.0943959504365921,-0.37792864441871643,-0.4691515862941742,0.5171697735786438,0.445032000541687,False
1552,31.060000000000002,0.08303659409284592,-0.0943959504365921,-0.37792864441871643,-0.46690788865089417,0.5181641578674316,0.4463792145252228,False
1553,31.080000000000002,0.08303659409284592,-0.0943959504365921,-0.37792864441871643,-0.46483659744262695,0.5190678834915161,0.4470585584640503,False
1554,31.1,0.08303659409284592,-0.0943959504365921,-0.37792864441871643,-0.46311479806900024,0.519752562046051,0.44735652208328247,False
1555,31.12,0.08303659409284592,-0.0943959504365921,-0.37792864441871643,-0.4617559611797333,0.5201100707054138,0.4485524892807007,False
1556,31.14,0.08303659409284592,-0.0943959504365921,-0.37792864441871643,-0.46062666177749634,0.5202033519744873,0.44866040349006653,False
1557,31.16,0.08303659409284592,-0.0943959504365921,-0.37792864441871643,-0.4596540331840515,0.5201648473739624,0.4474453330039978,False
1558,31.18,0.08303659409284592,-0.0943959504365921,-0.37792864441871643,-0.4588778018951416,0.5201838612556458,0.4463356137275696,False
1559,31.2,0.08303659409284592,-0.0943959504365921,-0.37792864441871643,-0.45855996012687683,0.5203858017921448,0.44556131958961487,False
1560,31.220000000000002,0.08303659409284592,-0.0943959504365921,-0.37792864441871643,-0.45840197801589966,0.520909309387207,0.4428206980228424,False
1561,31.240000000000002,0.08303659409284592,-0.0943959504365921,-0.37792864441871643,-0.4580945372581482,0.5218325257301331,0.43776679039001465,False
1562,31.26,0.08303659409284592,-0.0943959504365921,-0.37792864441871643,-0.4576055705547333,0.5230695009231567,0.43309617042541504,False
1563,31.28,0.08303659409284592,-0.0943959504365921,-0.37792864441871643,-0.4570922553539276,0.5246919393539429,0.4289091229438782,False
1564,31.3,0.08303659409284592,-0.0943959504365921,-0.37792864441871643,-0.45688238739967346,0.5267232656478882,0.4260255992412567,False
1565,31.32,0.08303659409284592,-0.0943959504365921,-0.37792864441871643,-0.4568352699279785,0.529055118560791,0.42232340574264526,False
1566,31.34,0.08303659409284592,-0.0943959504365921,-0.37792864441871643,-0.456918329000473,0.5316048264503479,0.4209967255592346,False
1567,31.36,0.08303659409284592,-0.0943959504365921,-0.37792864441871643,-0.4568294882774353,0.5332770943641663,0.4210321009159088,False
1568,31.38,0.08303659409284592,-0.0943959504365921,-0.37792864441871643,-0.4568071663379669,0.5347733497619629,0.4211982190608978,False
1569,31.400000000000002,0.08303659409284592,-0.0943959504365921,-0.37792864441871643,-0.45683708786964417,0.5362851619720459,0.4178522527217865,False
1570,31.42,0.08303659409284592,-0.0943959504365921,-0.37792864441871643,-0.45643123984336853,0.5375922322273254,0.4126800298690796,False
1571,31.44,0.08303659409284592,-0.0943959504365921,-0.37792864441871643,-0.45543310046195984,0.5386962890625,0.4070116877555847,False
1572,31.46,0.08303659409284592,-0.0943959504365921,-0.37792864441871643,-0.4542028605937958,0.5397138595581055,0.40238848328590393,False
1573,31.48,0.08303659409284592,-0.0943959504365921,-0.37792864441871643,-0.4528382420539856,0.5404043197631836,0.39879074692726135,False
1574,31.5,0.08303659409284592,-0.0943959504365921,-0.37792864441871643,-0.451262891292572,0.5406596064567566,0.39542698860168457,False
1575,31.52,0.1673756092786789,-0.09520667046308517,-0.2346576303243637,-0.4493790566921234,0.5405906438827515,0.3940764367580414,False
1576,31.54,0.1673756092786789,-0.09520667046308517,-0.2346576303243637,-0.4472571909427643,0.5403154492378235,0.3929843604564667,False
1577,31.560000000000002,0.1673756092786789,-0.09520667046308517,-0.2346576303243637,-0.4449566602706909,0.5399127006530762,0.39332854747772217,False
1578,31.580000000000002,0.1673756092786789,-0.09520667046308517,-0.2346576303243637,-0.4422503411769867,0.5392957329750061,0.39314204454421997,False
1579,31.6,0.1673756092786789,-0.09520667046308517,-0.2346576303243637,-0.4392612874507904,0.5384033918380737,0.39412835240364075,False
1580,31.62,0.1673756092786789,-0.09520667046308517,-0.2346576303243637,-0.4361847937107086,0.537358283996582,0.39310771226882935,False
1581,31.64,0.1673756092786789,-0.09520667046308517,-0.2346576303243637,-0.433188259601593,0.5361680388450623,0.3919631540775299,False
1582,31.66,0.1673756092786789,-0.09520667046308517,-0.2346576303243637,-0.43004685640335083,0.5346889495849609,0.39194750785827637,False
1583,31.68,0.1673756092786789,-0.09520667046308517,-0.2346576303243637,-0.42657965421676636,0.5326483249664307,0.39348411560058594,False
1584,31.7,0.1673756092786789,-0.09520667046308517,-0.2346576303243637,-0.4229184091091156,0.5302140116691589,0.39468875527381897,False
1585,31.720000000000002,0.1673756092786789,-0.09520667046308517,-0.2346576303243637,-0.41949769854545593,0.5280067324638367,0.39108964800834656,False
1586,31.740000000000002,0.1673756092786789,-0.09520667046308517,-0.2346576303243637,-0.4161567986011505,0.5257407426834106,0.3882213234901428,False
1587,31.76,0.1673756092786789,-0.09520667046308517,-0.2346576303243637,-0.41269761323928833,0.5240187048912048,0.3816164433956146,False
1588,31.78,0.1673756092786789,-0.09520667046308517,-0.2346576303243637,-0.4086155295372009,0.5226122736930847,0.37769463658332825,False
1589,31.8,0.1673756092786789,-0.09520667046308517,-0.2346576303243637,-0.40456315875053406,0.5211499929428101,0.37632280588150024,False
1590,31.82,0.1673756092786789,-0.09520667046308517,-0.2346576303243637,-0.4007951319217682,0.5197357535362244,0.3738750219345093,False
1591,31.84,0.1673756092786789,-0.09520667046308517,-0.2346576303243637,-0.39735376834869385,0.5187656283378601,0.36972618103027344,False
1592,31.86,0.1673756092786789,-0.09520667046308517,-0.2346576303243637,-0.39426055550575256,0.5182967185974121,0.36522403359413147,False
1593,31.88,0.1673756092786789,-0.09520667046308517,-0.2346576303243637,-0.3911125361919403,0.5180490016937256,0.3622446060180664,False
1594,31.900000000000002,0.1673756092786789,-0.09520667046308517,-0.2346576303243637,-0.3877289295196533,0.5178319811820984,0.36174285411834717,False
1595,31.92,0.1673756092786789,-0.09520667046308517,-0.2346576303243637,-0.3841225206851959,0.5177595615386963,0.36225754022598267,False
1596,31.94,0.1673756092786789,-0.09520667046308517,-0.2346576303243637,-0.380536824464798,0.5179631114006042,0.3628128468990326,False
1597,31.96,0.1673756092786789,-0.09520667046308517,-0.2346576303243637,-0.3770422041416168,0.5183553695678711,0.3630830943584442,False
1598,31.98,0.1673756092786789,-0.09520667046308517,-0.2346576303243637,-0.37355488538742065,0.5189335942268372,0.3625187575817108,False
1599,32.0,0.1673756092786789,-0.09520667046308517,-0.2346576303243637,-0.36984363198280334,0.5197536945343018,0.3617316484451294,False
1600,32.02,0.2613832354545593,-0.09724543243646622,-0.24656477570533752,-0.36592236161231995,0.5208855271339417,0.3621183931827545,False
1601,32.04,0.2613832354545593,-0.09724543243646622,-0.24656477570533752,-0.36198943853378296,0.522418200969696,0.361785888671875,False
1602,32.06,0.2613832354545593,-0.09724543243646622,-0.24656477570533752,-0.35812363028526306,0.5241520404815674,0.36061912775039673,False
1603,32.08,0.2613832354545593,-0.09724543243646622,-0.24656477570533752,-0.3545781970024109,0.5258026719093323,0.3599430024623871,False
1604,32.1,0.2613832354545593,-0.09724543243646622,-0.24656477570533752,-0.35132110118865967,0.5274571776390076,0.360149085521698,False
1605,32.12,0.2613832354545593,-0.09724543243646622,-0.24656477570533752,-0.3482701778411865,0.529329240322113,0.3626940846443176,False
1606,32.14,0.2613832354545593,-0.09724543243646622,-0.24656477570533752,-0.34572574496269226,0.5311704277992249,0.3669452667236328,False
1607,32.160000000000004,0.2613832354545593,-0.09724543243646622,-0.24656477570533752,-0.3434809148311615,0.53280109167099,0.3686632215976715,False
1608,32.18,0.2613832354545593,-0.09724543243646622,-0.24656477570533752,-0.3417392373085022,0.5348829627037048,0.3721386194229126,False
1609,32.2,0.2613832354545593,-0.09724543243646622,-0.24656477570533752,-0.3404900133609772,0.5366559028625488,0.3721345067024231,False
1610,32.22,0.2613832354545593,-0.09724543243646622,-0.24656477570533752,-0.339795857667923,0.5379700660705566,0.368990033864975,False
1611,32.24,0.2613832354545593,-0.09724543243646622,-0.24656477570533752,-0.3391842842102051,0.5392600893974304,0.3663668930530548,False
1612,32.26,0.2613832354545593,-0.09724543243646622,-0.24656477570533752,-0.3383565843105316,0.5403798818588257,0.3623903691768646,False
1613,32.28,0.2613832354545593,-0.09724543243646622,-0.24656477570533752,-0.3370702862739563,0.541379988193512,0.36108389496803284,False
1614,32.3,0.2613832354545593,-0.09724543243646622,-0.24656477570533752,-0.33519428968429565,0.5422608852386475,0.35946565866470337,False
1615,32.32,0.2613832354545593,-0.09724543243646622,-0.24656477570533752,-0.3328761160373688,0.5428345203399658,0.35919252038002014,False
1616,32.34,0.2613832354545593,-0.09724543243646622,-0.24656477570533752,-0.33032187819480896,0.5430705547332764,0.3597809970378876,False
1617,32.36,0.2613832354545593,-0.09724543243646622,-0.24656477570533752,-0.3276202976703644,0.5429378151893616,0.3600809872150421,False
1618,32.38,0.2613832354545593,-0.09724543243646622,-0.24656477570533752,-0.32461240887641907,0.5424086451530457,0.360344260931015,False
1619,32.4,0.2613832354545593,-0.09724543243646622,-0.24656477570533752,-0.3212043344974518,0.5414898991584778,0.36078184843063354,False
1620,32.42,0.2613832354545593,-0.09724543243646622,-0.24656477570533752,-0.31730642914772034,0.5403342247009277,0.3596770167350769,False
1621,32.44,0.2613832354545593,-0.09724543243646622,-0.24656477570533752,-0.31290796399116516,0.5391330718994141,0.3592633903026581,False
1622,32.46,0.2613832354545593,-0.09724543243646622,-0.24656477570533752,-0.3082149922847748,0.53785240650177,0.3609428405761719,False
1623,32.480000000000004,0.2613832354545593,-0.09724543243646622,-0.24656477570533752,-0.3032044768333435,0.5363560318946838,0.3606446385383606,False
1624,32.5,0.2613832354545593,-0.09724543243646622,-0.24656477570533752,-0.2980155944824219,0.534525454044342,0.3619052469730377,False
1625,32.52,0.2153753638267517,-0.09696104377508163,0.14160914719104767,-0.2927551567554474,0.5322543382644653,0.3600755035877228,False
1626,32.54,0.2153753638267517,-0.09696104377508163,0.14160914719104767,-0.2882351279258728,0.5304009318351746,0.3536423444747925,False
1627,32.56,0.2153753638267517,-0.09696104377508163,0.14160914719104767,-0.2834327816963196,0.5294457674026489,0.3497897684574127,False
1628,32.58,0.2153753638267517,-0.09696104377508163,0.14160914719104767,-0.2779731750488281,0.5286383628845215,0.3483693301677704,False
1629,32.6,0.2153753638267517,-0.09696104377508163,0.14160914719104767,-0.2727240025997162,0.5273102521896362,0.35044899582862854,False
1630,32.62,0.2153753638267517,-0.09696104377508163,0.14160914719104767,-0.2678309679031372,0.5252907872200012,0.3520625829696655,False
1631,32.64,0.2153753638267517,-0.09696104377508163,0.14160914719104767,-0.26318085193634033,0.5230063199996948,0.35297882556915283,False
1632,32.660000000000004,0.2153753638267517,-0.09696104377508163,0.14160914719104767,-0.2585192024707794,0.5210511684417725,0.35218387842178345,False
1633,32.68,0.2153753638267517,-0.09696104377508163,0.14160914719104767,-0.253756582736969,0.5196938514709473,0.3531774878501892,False
1634,32.7,0.2153753638267517,-0.09696104377508163,0.14160914719104767,-0.24884693324565887,0.5188593864440918,0.3557279109954834,False
1635,32.72,0.2153753638267517,-0.09696104377508163,0.14160914719104767,-0.24383053183555603,0.5184614658355713,0.3582313656806946,False
1636,32.74,0.2153753638267517,-0.09696104377508163,0.14160914719104767,-0.23885904252529144,0.5184010863304138,0.36192071437835693,False
1637,32.76,0.2153753638267517,-0.09696104377508163,0.14160914719104767,-0.23388166725635529,0.5186915993690491,0.3650462329387665,False
1638,32.78,0.2153753638267517,-0.09696104377508163,0.14160914719104767,-0.2289818972349167,0.5192994475364685,0.36621397733688354,False
1639,32.8,0.2153753638267517,-0.09696104377508163,0.14160914719104767,-0.22408609092235565,0.5202688574790955,0.36567461490631104,False
1640,32.82,0.2153753638267517,-0.09696104377508163,0.14160914719104767,-0.2190685272216797,0.5216740369796753,0.36545687913894653,False
1641,32.84,0.2153753638267517,-0.09696104377508163,0.14160914719104767,-0.21400167047977448,0.5234251618385315,0.36518344283103943,False
1642,32.86,0.2153753638267517,-0.09696104377508163,0.14160914719104767,-0.209255188703537,0.525345504283905,0.36490553617477417,False
1643,32.88,0.2153753638267517,-0.09696104377508163,0.14160914719104767,-0.20483432710170746,0.5273676514625549,0.3658120930194855,False
1644,32.9,0.2153753638267517,-0.09696104377508163,0.14160914719104767,-0.20063909888267517,0.529535174369812,0.36601486802101135,False
1645,32.92,0.2153753638267517,-0.09696104377508163,0.14160914719104767,-0.19673660397529602,0.5319240093231201,0.365822434425354,False
1646,32.94,0.2153753638267517,-0.09696104377508163,0.14160914719104767,-0.19301624596118927,0.534573495388031,0.36608412861824036,False
1647,32.96,0.2153753638267517,-0.09696104377508163,0.14160914719104767,-0.18943347036838531,0.537600576877594,0.3683897852897644,False
1648,32.980000000000004,0.2153753638267517,-0.09696104377508163,0.14160914719104767,-0.1861879527568817,0.5410757660865784,0.3741181790828705,False
1649,33.0,0.2153753638267517,-0.09696104377508163,0.14160914719104767,-0.18241065740585327,0.5434998273849487,0.3751607835292816,False
1650,33.02,0.6421718597412109,-0.09887585043907166,0.41064608097076416,-0.1787736713886261,0.5464072227478027,0.3749452531337738,False
1651,33.04,0.6421718597412109,-0.09887585043907166,0.41064608097076416,-0.17506222426891327,0.5498979091644287,0.37726736068725586,False
1652,33.06,0.6421718597412109,-0.09887585043907166,0.41064608097076416,-0.17079244554042816,0.5537586808204651,0.3831356167793274,False
1653,33.08,0.6421718597412109,-0.09887585043907166,0.41064608097076416,-0.1662791669368744,0.5574862360954285,0.38837170600891113,False
1654,33.1,0.6421718597412109,-0.09887585043907166,0.41064608097076416,-0.16158683598041534,0.5607354044914246,0.39223524928092957,False
1655,33.12,0.6421718597412109,-0.09887585043907166,0.41064608097076416,-0.15664787590503693,0.5635887980461121,0.39443138241767883,False
1656,33.14,0.6421718597412109,-0.09887585043907166,0.41064608097076416,-0.15139223635196686,0.5662030577659607,0.39480310678482056,False
1657,33.160000000000004,0.6421718597412109,-0.09887585043907166,0.41064608097076416,-0.14555373787879944,0.5686176419258118,0.3966643810272217,False
1658,33.18,0.6421718597412109,-0.09887585043907166,0.41064608097076416,-0.13902196288108826,0.5708711743354797,0.3987973928451538,False
1659,33.2,0.6421718597412109,-0.09887585043907166,0.41064608097076416,-0.13171932101249695,0.573100209236145,0.39977049827575684,False
1660,33.22,0.6421718597412109,-0.09887585043907166,0.41064608097076416,-0.12348823994398117,0.5754026174545288,0.4028162956237793,False
1661,33.24,0.6421718597412109,-0.09887585043907166,0.41064608097076416,-0.11450686305761337,0.5776804089546204,0.40646010637283325,False
1662,33.26,0.6421718597412109,-0.09887585043907166,0.41064608097076416,-0.10530441999435425,0.5797683596611023,0.4096130132675171,False
1663,33.28,0.6421718597412109,-0.09887585043907166,0.41064608097076416,-0.09578463435173035,0.581695556640625,0.41139400005340576,False
1664,33.3,0.6421718597412109,-0.09887585043907166,0.41064608097076416,-0.08586990833282471,0.5834797620773315,0.4116743505001068,False
1665,33.32,0.6421718597412109,-0.09887585043907166,0.41064608097076416,-0.07576026767492294,0.5850778818130493,0.40963655710220337,False
1666,33.34,0.6421718597412109,-0.09887585043907166,0.41064608097076416,-0.06539268046617508,0.586577296257019,0.4081352949142456,False
1667,33.36,0.6421718597412109,-0.09887585043907166,0.41064608097076416,-0.05436980351805687,0.5882583856582642,0.4112854301929474,False
1668,33.38,0.6421718597412109,-0.09887585043907166,0.41064608097076416,-0.04308978095650673,0.5910775065422058,0.41429004073143005,False
1669,33.4,0.6421718597412109,-0.09887585043907166,0.41064608097076416,-0.032082751393318176,0.5934513807296753,0.4171094596385956,False
1670,33.42,0.6421718597412109,-0.09887585043907166,0.41064608097076416,-0.02080664411187172,0.595559298992157,0.420400470495224,False
1671,33.44,0.6421718597412109,-0.09887585043907166,0.41064608097076416,-0.008656123653054237,0.5982316732406616,0.4234168231487274,False
1672,33.46,0.6421718597412109,-0.09887585043907166,0.41064608097076416,0.003999719396233559,0.6015216112136841,0.42738914489746094,False
1673,33.480000000000004,0.6421718597412109,-0.09887585043907166,0.41064608097076416,0.016618121415376663,0.6051083207130432,0.4319039583206177,False
1674,33.5,0.6421718597412109,-0.09887585043907166,0.41064608097076416,0.02877298928797245,0.6088486313819885,0.43746867775917053,False
1675,33.52,0.23207922279834747,-0.0991428941488266,0.4298390746116638,0.04004901647567749,0.6126695871353149,0.44305118918418884,False
1676,33.54,0.23207922279834747,-0.0991428941488266,0.4298390746116638,0.050489868968725204,0.6165452003479004,0.44703131914138794,False
1677,33.56,0.23207922279834747,-0.0991428941488266,0.4298390746116638,0.060246244072914124,0.6204785108566284,0.4509734511375427,False
1678,33.58,0.23207922279834747,-0.0991428941488266,0.4298390746116638,0.06948278844356537,0.624517560005188,0.4549316167831421,False
1679,33.6,0.23207922279834747,-0.0991428941488266,0.4298390746116638,0.07840436697006226,0.6288502812385559,0.45823508501052856,False
1680,33.62,0.23207922279834747,-0.0991428941488266,0.4298390746116638,0.08707951754331589,0.6335088014602661,0.46108341217041016,False
1681,33.64,0.23207922279834747,-0.0991428941488266,0.4298390746116638,0.09550915658473969,0.6385095715522766,0.4657492935657501,False
1682,33.660000000000004,0.23207922279834747,-0.0991428941488266,0.4298390746116638,0.10378870368003845,0.6440523266792297,0.47117307782173157,False
1683,33.68,0.23207922279834747,-0.0991428941488266,0.4298390746116638,0.11242708563804626,0.649974524974823,0.4707207679748535,False
1684,33.7,0.23207922279834747,-0.0991428941488266,0.4298390746116638,0.12199763208627701,0.6557271480560303,0.46492815017700195,False
1685,33.72,0.23207922279834747,-0.0991428941488266,0.4298390746116638,0.13080640137195587,0.6613759994506836,0.4652882516384125,False
1686,33.74,0.23207922279834747,-0.0991428941488266,0.4298390746116638,0.13793420791625977,0.6672234535217285,0.466133177280426,False
1687,33.76,0.23207922279834747,-0.0991428941488266,0.4298390746116638,0.14495117962360382,0.6730849146842957,0.4662611186504364,False
1688,33.78,0.23207922279834747,-0.0991428941488266,0.4298390746116638,0.15256105363368988,0.6786763668060303,0.47025731205940247,False
1689,33.8,0.23207922279834747,-0.0991428941488266,0.4298390746116638,0.16048108041286469,0.6838049292564392,0.47722959518432617,False
1690,33.82,0.23207922279834747,-0.0991428941488266,0.4298390746116638,0.1686028689146042,0.6883678436279297,0.48643916845321655,False
1691,33.84,0.23207922279834747,-0.0991428941488266,0.4298390746116638,0.17653293907642365,0.6921370029449463,0.4937262237071991,False
1692,33.86,0.23207922279834747,-0.0991428941488266,0.4298390746116638,0.18416878581047058,0.6953400373458862,0.49785783886909485,False
1693,33.88,0.23207922279834747,-0.0991428941488266,0.4298390746116638,0.1913948655128479,0.698172926902771,0.49982813000679016,False
1694,33.9,0.23207922279834747,-0.0991428941488266,0.4298390746116638,0.19818979501724243,0.7006549835205078,0.5002883672714233,False
1695,33.92,0.23207922279834747,-0.0991428941488266,0.4298390746116638,0.20491142570972443,0.7027506232261658,0.4998316764831543,False
1696,33.94,0.23207922279834747,-0.0991428941488266,0.4298390746116638,0.2116789072751999,0.7042496204376221,0.49958598613739014,False
1697,33.96,0.23207922279834747,-0.0991428941488266,0.4298390746116638,0.2187478095293045,0.7051593065261841,0.49962204694747925,False
1698,33.980000000000004,0.23207922279834747,-0.0991428941488266,0.4298390746116638,0.22625546157360077,0.7056965827941895,0.5003794431686401,False
1699,34.0,0.23207922279834747,-0.0991428941488266,0.4298390746116638,0.23418362438678741,0.7057847380638123,0.5038154125213623,False
1700,34.02,0.16607633233070374,-0.0995267927646637,0.37727686762809753,0.24246621131896973,0.7055040001869202,0.506658673286438,False
1701,34.04,0.16607633233070374,-0.0995267927646637,0.37727686762809753,0.2508750557899475,0.7050706148147583,0.5105411410331726,False
1702,34.06,0.16607633233070374,-0.0995267927646637,0.37727686762809753,0.2593809962272644,0.7045739889144897,0.5173746943473816,False
1703,34.08,0.16607633233070374,-0.0995267927646637,0.37727686762809753,0.26816225051879883,0.703852653503418,0.5233771800994873,False
1704,34.1,0.16607633233070374,-0.0995267927646637,0.37727686762809753,0.27680695056915283,0.7033557295799255,0.5298798084259033,False
1705,34.12,0.16607633233070374,-0.0995267927646637,0.37727686762809753,0.2846519351005554,0.7032151222229004,0.5307656526565552,False
1706,34.14,0.16607633233070374,-0.0995267927646637,0.37727686762809753,0.29192614555358887,0.7024965882301331,0.5352878570556641,False
1707,34.160000000000004,0.16607633233070374,-0.0995267927646637,0.37727686762809753,0.29860517382621765,0.7016210556030273,0.5423893928527832,False
1708,34.18,0.16607633233070374,-0.0995267927646637,0.37727686762809753,0.3046077489852905,0.701221764087677,0.5477509498596191,False
1709,34.2,0.16607633233070374,-0.0995267927646637,0.37727686762809753,0.3099210262298584,0.7008145451545715,0.5525631308555603,False
1710,34.22,0.16607633233070374,-0.0995267927646637,0.37727686762809753,0.31488919258117676,0.7003963589668274,0.5555024147033691,False
1711,34.24,0.16607633233070374,-0.0995267927646637,0.37727686762809753,0.31993556022644043,0.7002299427986145,0.5574219822883606,False
1712,34.26,0.16607633233070374,-0.0995267927646637,0.37727686762809753,0.3251895606517792,0.7003075480461121,0.5582146644592285,False
1713,34.28,0.16607633233070374,-0.0995267927646637,0.37727686762809753,0.3303399085998535,0.7005360126495361,0.5595775246620178,False
1714,34.300000000000004,0.16607633233070374,-0.0995267927646637,0.37727686762809753,0.335303395986557,0.7011231780052185,0.5638027191162109,False
1715,34.32,0.16607633233070374,-0.0995267927646637,0.37727686762809753,0.33995959162712097,0.7021378874778748,0.5691068768501282,False
1716,34.34,0.16607633233070374,-0.0995267927646637,0.37727686762809753,0.34432849287986755,0.7036297917366028,0.5753002762794495,False
1717,34.36,0.16607633233070374,-0.0995267927646637,0.37727686762809753,0.34858182072639465,0.7054896950721741,0.5790368914604187,False
1718,34.38,0.16607633233070374,-0.0995267927646637,0.37727686762809753,0.35273316502571106,0.7075148224830627,0.5829254984855652,False
1719,34.4,0.16607633233070374,-0.0995267927646637,0.37727686762809753,0.35671260952949524,0.7097312211990356,0.5866557955741882,False
1720,34.42,0.16607633233070374,-0.0995267927646637,0.37727686762809753,0.3605189025402069,0.7121586203575134,0.5888314843177795,False
1721,34.44,0.16607633233070374,-0.0995267927646637,0.37727686762809753,0.3640829026699066,0.7145893573760986,0.5904634594917297,False
1722,34.46,0.16607633233070374,-0.0995267927646637,0.37727686762809753,0.367279052734375,0.716972291469574,0.5919827818870544,False
1723,34.480000000000004,0.16607633233070374,-0.0995267927646637,0.37727686762809753,0.3702622950077057,0.719493567943573,0.5934935212135315,False
1724,34.5,0.16607633233070374,-0.0995267927646637,0.37727686762809753,0.3730250895023346,0.7224113345146179,0.5946115255355835,False
1725,34.52,0.2096157670021057,-0.09946069866418839,-0.11285439133644104,0.37532708048820496,0.7258270382881165,0.5971488952636719,False
1726,34.54,0.2096157670021057,-0.09946069866418839,-0.11285439133644104,0.3769707679748535,0.7291957139968872,0.5990387201309204,False
1727,34.56,0.2096157670021057,-0.09946069866418839,-0.11285439133644104,0.3786062002182007,0.7319854497909546,0.5973092913627625,False
1728,34.58,0.2096157670021057,-0.09946069866418839,-0.11285439133644104,0.3799233138561249,0.7348809838294983,0.5951618552207947,False
1729,34.6,0.2096157670021057,-0.09946069866418839,-0.11285439133644104,0.38132333755493164,0.7377698421478271,0.5941327810287476,False
1730,34.62,0.2096157670021057,-0.09946069866418839,-0.11285439133644104,0.38338208198547363,0.7407518029212952,0.5945113301277161,False
1731,34.64,0.2096157670021057,-0.09946069866418839,-0.11285439133644104,0.38577044010162354,0.743706226348877,0.5929150581359863,False
1732,34.660000000000004,0.2096157670021057,-0.09946069866418839,-0.11285439133644104,0.38821855187416077,0.7464180588722229,0.5928722620010376,False
1733,34.68,0.2096157670021057,-0.09946069866418839,-0.11285439133644104,0.39062073826789856,0.7487398386001587,0.5939112305641174,False
1734,34.7,0.2096157670021057,-0.09946069866418839,-0.11285439133644104,0.39315471053123474,0.7506344318389893,0.5956998467445374,False
1735,34.72,0.2096157670021057,-0.09946069866418839,-0.11285439133644104,0.3959968090057373,0.7521730065345764,0.5976552367210388,False
1736,34.74,0.2096157670021057,-0.09946069866418839,-0.11285439133644104,0.39923804998397827,0.753462553024292,0.5991186499595642,False
1737,34.76,0.2096157670021057,-0.09946069866418839,-0.11285439133644104,0.40279796719551086,0.754522442817688,0.5992307662963867,False
1738,34.78,0.2096157670021057,-0.09946069866418839,-0.11285439133644104,0.4067731499671936,0.7555318474769592,0.598951518535614,False
1739,34.800000000000004,0.2096157670021057,-0.09946069866418839,-0.11285439133644104,0.4110560119152069,0.7565380334854126,0.6008234024047852,False
1740,34.82,0.2096157670021057,-0.09946069866418839,-0.11285439133644104,0.4155215322971344,0.7573043704032898,0.603579580783844,False
1741,34.84,0.2096157670021057,-0.09946069866418839,-0.11285439133644104,0.4202468693256378,0.7578697800636292,0.6059819459915161,False
1742,34.86,0.2096157670021057,-0.09946069866418839,-0.11285439133644104,0.4252866208553314,0.7584674954414368,0.6065995693206787,False
1743,34.88,0.2096157670021057,-0.09946069866418839,-0.11285439133644104,0.43067994713783264,0.7590065002441406,0.606992781162262,False
1744,34.9,0.2096157670021057,-0.09946069866418839,-0.11285439133644104,0.43658381700515747,0.7594150900840759,0.6077410578727722,False
1745,34.92,0.2096157670021057,-0.09946069866418839,-0.11285439133644104,0.4429302513599396,0.7597061991691589,0.6068101525306702,False
1746,34.94,0.2096157670021057,-0.09946069866418839,-0.11285439133644104,0.44866159558296204,0.7606130838394165,0.6025663018226624,False
1747,34.96,0.2096157670021057,-0.09946069866418839,-0.11285439133644104,0.45393091440200806,0.7614712715148926,0.6014540195465088,False
1748,34.980000000000004,0.2096157670021057,-0.09946069866418839,-0.11285439133644104,0.4593920409679413,0.7618613243103027,0.6020389199256897,False
1749,35.0,0.2096157670021057,-0.09946069866418839,-0.11285439133644104,0.4652749001979828,0.7620919346809387,0.6013133525848389,False
1750,35.02,0.3281620740890503,-0.014136799611151218,-0.23464639484882355,0.4712238609790802,0.7622708082199097,0.5994915962219238,False
1751,35.04,0.3281620740890503,-0.014136799611151218,-0.23464639484882355,0.47702768445014954,0.7626702785491943,0.5987941026687622,False
1752,35.06,0.3281620740890503,-0.014136799611151218,-0.23464639484882355,0.482559472322464,0.7636170983314514,0.5978109240531921,False
1753,35.08,0.3281620740890503,-0.014136799611151218,-0.23464639484882355,0.48768535256385803,0.7650456428527832,0.5978071689605713,False
1754,35.1,0.3281620740890503,-0.014136799611151218,-0.23464639484882355,0.4925907254219055,0.7667710185050964,0.599057674407959,False
1755,35.12,0.3281620740890503,-0.014136799611151218,-0.23464639484882355,0.49754416942596436,0.7688071131706238,0.599245011806488,False
1756,35.14,0.3281620740890503,-0.014136799611151218,-0.23464639484882355,0.5025962591171265,0.7710883617401123,0.6009235978126526,False
1757,35.160000000000004,0.3281620740890503,-0.014136799611151218,-0.23464639484882355,0.5077326893806458,0.7736286520957947,0.6027628779411316,False
1758,35.18,0.3281620740890503,-0.014136799611151218,-0.23464639484882355,0.5127814412117004,0.7763352394104004,0.6034976243972778,False
1759,35.2,0.3281620740890503,-0.014136799611151218,-0.23464639484882355,0.5177932977676392,0.7791236639022827,0.6031308174133301,False
1760,35.22,0.3281620740890503,-0.014136799611151218,-0.23464639484882355,0.5228123664855957,0.782020092010498,0.6023573279380798,False
1761,35.24,0.3281620740890503,-0.014136799611151218,-0.23464639484882355,0.5279712080955505,0.7851327061653137,0.6025810837745667,False
1762,35.26,0.3281620740890503,-0.014136799611151218,-0.23464639484882355,0.5329763293266296,0.7886285781860352,0.6032130718231201,False
1763,35.28,0.3281620740890503,-0.014136799611151218,-0.23464639484882355,0.5375357866287231,0.7923362851142883,0.6049826145172119,False
1764,35.300000000000004,0.3281620740890503,-0.014136799611151218,-0.23464639484882355,0.5416685342788696,0.7961593270301819,0.6054849028587341,False
1765,35.32,0.3281620740890503,-0.014136799611151218,-0.23464639484882355,0.5456767678260803,0.8002564907073975,0.6041828989982605,False
1766,35.34,0.3281620740890503,-0.014136799611151218,-0.23464639484882355,0.5496200323104858,0.8046144843101501,0.6039764881134033,False
1767,35.36,0.3281620740890503,-0.014136799611151218,-0.23464639484882355,0.5532411932945251,0.8092283606529236,0.6076268553733826,False
1768,35.38,0.3281620740890503,-0.014136799611151218,-0.23464639484882355,0.5568985939025879,0.813775897026062,0.6043806672096252,False
1769,35.4,0.3281620740890503,-0.014136799611151218,-0.23464639484882355,0.5606176853179932,0.8177754282951355,0.6056349873542786,False
1770,35.42,0.3281620740890503,-0.014136799611151218,-0.23464639484882355,0.5633041858673096,0.8216147422790527,0.6042345762252808,False
1771,35.44,0.3281620740890503,-0.014136799611151218,-0.23464639484882355,0.5653828978538513,0.8254272937774658,0.6000084280967712,False
1772,35.46,0.3281620740890503,-0.014136799611151218,-0.23464639484882355,0.5676336288452148,0.8294442892074585,0.5962022542953491,False
1773,35.480000000000004,0.3281620740890503,-0.014136799611151218,-0.23464639484882355,0.5702022314071655,0.8336933255195618,0.5933282971382141,False
1774,35.5,0.3281620740890503,-0.014136799611151218,-0.23464639484882355,0.5730704665184021,0.8379359245300293,0.5916543006896973,False
1775,35.52,0.21019597351551056,-0.030190881341695786,-0.39691004157066345,0.576323926448822,0.8419491052627563,0.5898355841636658,False
1776,35.54,0.21019597351551056,-0.030190881341695786,-0.39691004157066345,0.5798954963684082,0.8456154465675354,0.587356448173523,False
1777,35.56,0.21019597351551056,-0.030190881341695786,-0.39691004157066345,0.5837932825088501,0.8489961624145508,0.5862886905670166,False
1778,35.58,0.21019597351551056,-0.030190881341695786,-0.39691004157066345,0.5879164338111877,0.8519449830055237,0.5836027264595032,False
1779,35.6,0.21019597351551056,-0.030190881341695786,-0.39691004157066345,0.5920928120613098,0.8544363975524902,0.5800275206565857,False
1780,35.62,0.21019597351551056,-0.030190881341695786,-0.39691004157066345,0.5962784886360168,0.8565983176231384,0.5763443112373352,False
1781,35.64,0.21019597351551056,-0.030190881341695786,-0.39691004157066345,0.6003084182739258,0.8586465120315552,0.5736164450645447,False
1782,35.660000000000004,0.21019597351551056,-0.030190881341695786,-0.39691004157066345,0.6042909622192383,0.8608144521713257,0.5715234279632568,False
1783,35.68,0.21019597351551056,-0.030190881341695786,-0.39691004157066345,0.6082667112350464,0.8631590008735657,0.5702347755432129,False
1784,35.7,0.21019597351551056,-0.030190881341695786,-0.39691004157066345,0.6126164793968201,0.8655151724815369,0.5690860748291016,False
1785,35.72,0.21019597351551056,-0.030190881341695786,-0.39691004157066345,0.6174896359443665,0.867778480052948,0.5660786628723145,False
1786,35.74,0.21019597351551056,-0.030190881341695786,-0.39691004157066345,0.6227583289146423,0.8699642419815063,0.561606228351593,False
1787,35.76,0.21019597351551056,-0.030190881341695786,-0.39691004157066345,0.6285904049873352,0.8719686269760132,0.556582510471344,False
1788,35.78,0.21019597351551056,-0.030190881341695786,-0.39691004157066345,0.6350799798965454,0.8737879991531372,0.5509772300720215,False
1789,35.800000000000004,0.21019597351551056,-0.030190881341695786,-0.39691004157066345,0.6406241655349731,0.876207172870636,0.5438475012779236,False
1790,35.82,0.21019597351551056,-0.030190881341695786,-0.39691004157066345,0.6460654139518738,0.8780078291893005,0.5428529977798462,False
1791,35.84,0.21019597351551056,-0.030190881341695786,-0.39691004157066345,0.6515557765960693,0.8794313669204712,0.5406479835510254,False
1792,35.86,0.21019597351551056,-0.030190881341695786,-0.39691004157066345,0.6571668386459351,0.8807259798049927,0.5370262861251831,False
1793,35.88,0.21019597351551056,-0.030190881341695786,-0.39691004157066345,0.6626171469688416,0.8819172978401184,0.5340062975883484,False
1794,35.9,0.21019597351551056,-0.030190881341695786,-0.39691004157066345,0.6678311824798584,0.8831409215927124,0.5302731394767761,False
1795,35.92,0.21019597351551056,-0.030190881341695786,-0.39691004157066345,0.6728418469429016,0.8845711946487427,0.5269774794578552,False
1796,35.94,0.21019597351551056,-0.030190881341695786,-0.39691004157066345,0.6779396533966064,0.8863068222999573,0.5250787734985352,False
1797,35.96,0.21019597351551056,-0.030190881341695786,-0.39691004157066345,0.6830373406410217,0.88826584815979,0.5242536067962646,False
1798,35.980000000000004,0.21019597351551056,-0.030190881341695786,-0.39691004157066345,0.6881649494171143,0.8905158638954163,0.5238052010536194,False
1799,36.0,0.21019597351551056,-0.030190881341695786,-0.39691004157066345,0.6933596134185791,0.8928080797195435,0.524538516998291,False
1800,36.02,0.1606714427471161,-0.04303247109055519,-0.46029365062713623,0.698250949382782,0.8949218392372131,0.5260077714920044,False
1801,36.04,0.1606714427471161,-0.04303247109055519,-0.46029365062713623,0.7029489874839783,0.8970022797584534,0.5255219340324402,False
1802,36.06,0.1606714427471161,-0.04303247109055519,-0.46029365062713623,0.7074424624443054,0.8991310000419617,0.5242985486984253,False
1803,36.08,0.1606714427471161,-0.04303247109055519,-0.46029365062713623,0.7117995619773865,0.9013627767562866,0.5222920179367065,False
1804,36.1,0.1606714427471161,-0.04303247109055519,-0.46029365062713623,0.7160665392875671,0.9039244651794434,0.520158588886261,False
1805,36.12,0.1606714427471161,-0.04303247109055519,-0.46029365062713623,0.7203836441040039,0.9068940281867981,0.5173871517181396,False
1806,36.14,0.1606714427471161,-0.04303247109055519,-0.46029365062713623,0.724774956703186,0.910128116607666,0.5147826075553894,False
1807,36.160000000000004,0.1606714427471161,-0.04303247109055519,-0.46029365062713623,0.728888213634491,0.9135786294937134,0.5141119360923767,False
1808,36.18,0.1606714427471161,-0.04303247109055519,-0.46029365062713623,0.7325727343559265,0.9173781275749207,0.5151315331459045,False
1809,36.2,0.1606714427471161,-0.04303247109055519,-0.46029365062713623,0.735880970954895,0.9213836193084717,0.5159320831298828,False
1810,36.22,0.1606714427471161,-0.04303247109055519,-0.46029365062713623,0.7389244437217712,0.924936056137085,0.5159540772438049,False
1811,36.24,0.1606714427471161,-0.04303247109055519,-0.46029365062713623,0.741631031036377,0.9279919862747192,0.5188143253326416,False
1812,36.26,0.1606714427471161,-0.04303247109055519,-0.46029365062713623,0.7438758611679077,0.9308134317398071,0.5163888931274414,False
1813,36.28,0.1606714427471161,-0.04303247109055519,-0.46029365062713623,0.7457163333892822,0.9335020184516907,0.5108011364936829,False
1814,36.300000000000004,0.1606714427471161,-0.04303247109055519,-0.46029365062713623,0.7477000951766968,0.9361028075218201,0.5068397521972656,False
1815,36.32,0.1606714427471161,-0.04303247109055519,-0.46029365062713623,0.7501286268234253,0.9386747479438782,0.5026617646217346,False
1816,36.34,0.1606714427471161,-0.04303247109055519,-0.46029365062713623,0.7528626918792725,0.9410927891731262,0.496839702129364,False
1817,36.36,0.1606714427471161,-0.04303247109055519,-0.46029365062713623,0.7559237480163574,0.943271279335022,0.4925045371055603,False
1818,36.38,0.1606714427471161,-0.04303247109055519,-0.46029365062713623,0.7592130303382874,0.9451411366462708,0.48767024278640747,False
1819,36.4,0.1606714427471161,-0.04303247109055519,-0.46029365062713623,0.7627532482147217,0.9467980265617371,0.4837353825569153,False
1820,36.42,0.1606714427471161,-0.04303247109055519,-0.46029365062713623,0.7665278911590576,0.9482537508010864,0.4817529618740082,False
1821,36.44,0.1606714427471161,-0.04303247109055519,-0.46029365062713623,0.7706567645072937,0.9494755268096924,0.480723112821579,False
1822,36.46,0.1606714427471161,-0.04303247109055519,-0.46029365062713623,0.7750830054283142,0.9504011273384094,0.4780111312866211,False
1823,36.480000000000004,0.1606714427471161,-0.04303247109055519,-0.46029365062713623,0.7795982360839844,0.9510030150413513,0.47605714201927185,False
1824,36.5,0.1606714427471161,-0.04303247109055519,-0.46029365062713623,0.7841296195983887,0.9513832330703735,0.4757252037525177,False
1825,36.52,0.11413012444972992,-0.05488347262144089,-0.5029963850975037,0.7887361645698547,0.9517377614974976,0.47542357444763184,False
1826,36.54,0.11413012444972992,-0.05488347262144089,-0.5029963850975037,0.7933989763259888,0.9520038366317749,0.4739227592945099,False
1827,36.56,0.11413012444972992,-0.05488347262144089,-0.5029963850975037,0.7981875538825989,0.9520536065101624,0.46976566314697266,False
1828,36.58,0.11413012444972992,-0.05488347262144089,-0.5029963850975037,0.8028131127357483,0.9522845149040222,0.4638389050960541,False
1829,36.6,0.11413012444972992,-0.05488347262144089,-0.5029963850975037,0.8075007796287537,0.9530291557312012,0.4593885838985443,False
1830,36.62,0.11413012444972992,-0.05488347262144089,-0.5029963850975037,0.8120609521865845,0.9535611271858215,0.4574184715747833,False
1831,36.64,0.11413012444972992,-0.05488347262144089,-0.5029963850975037,0.8166137337684631,0.9536636471748352,0.45602095127105713,False
1832,36.660000000000004,0.11413012444972992,-0.05488347262144089,-0.5029963850975037,0.8213818669319153,0.953406572341919,0.4524681568145752,False
1833,36.68,0.11413012444972992,-0.05488347262144089,-0.5029963850975037,0.8259627223014832,0.9530588984489441,0.4490389823913574,False
1834,36.7,0.11413012444972992,-0.05488347262144089,-0.5029963850975037,0.8302132487297058,0.9530724883079529,0.4461386203765869,False
1835,36.72,0.11413012444972992,-0.05488347262144089,-0.5029963850975037,0.8341283798217773,0.9534825086593628,0.44352880120277405,False
1836,36.74,0.11413012444972992,-0.05488347262144089,-0.5029963850975037,0.8377907276153564,0.9540753960609436,0.4415366053581238,False
1837,36.76,0.11413012444972992,-0.05488347262144089,-0.5029963850975037,0.8411633372306824,0.9547491669654846,0.4415440559387207,False
1838,36.78,0.11413012444972992,-0.05488347262144089,-0.5029963850975037,0.8444079756736755,0.9554904103279114,0.4419161081314087,False
1839,36.800000000000004,0.11413012444972992,-0.05488347262144089,-0.5029963850975037,0.8476628661155701,0.9563271999359131,0.4422963559627533,False
1840,36.82,0.11413012444972992,-0.05488347262144089,-0.5029963850975037,0.8509879112243652,0.9572992920875549,0.4422580301761627,False
1841,36.84,0.11413012444972992,-0.05488347262144089,-0.5029963850975037,0.8543239235877991,0.9583576917648315,0.44036588072776794,False
1842,36.86,0.11413012444972992,-0.05488347262144089,-0.5029963850975037,0.8575568795204163,0.9592632055282593,0.43968918919563293,False
1843,36.88,0.11413012444972992,-0.05488347262144089,-0.5029963850975037,0.8607803583145142,0.9602348208427429,0.4391910433769226,False
1844,36.9,0.11413012444972992,-0.05488347262144089,-0.5029963850975037,0.8639370799064636,0.9614068269729614,0.4379132390022278,False
1845,36.92,0.11413012444972992,-0.05488347262144089,-0.5029963850975037,0.8671085834503174,0.962941586971283,0.43404799699783325,False
1846,36.94,0.11413012444972992,-0.05488347262144089,-0.5029963850975037,0.8702426552772522,0.9648439884185791,0.43130892515182495,False
1847,36.96,0.11413012444972992,-0.05488347262144089,-0.5029963850975037,0.8731710910797119,0.9672232270240784,0.43078285455703735,False
1848,36.980000000000004,0.11413012444972992,-0.05488347262144089,-0.5029963850975037,0.8758005499839783,0.9700645208358765,0.43123918771743774,False
1849,37.0,0.11413012444972992,-0.05488347262144089,-0.5029963850975037,0.8780947327613831,0.9727570414543152,0.43200957775115967,False
1850,37.02,0.06924762576818466,-0.06126729026436806,-0.5328859686851501,0.8801299929618835,0.9752320051193237,0.43396463990211487,False
1851,37.04,0.06924762576818466,-0.06126729026436806,-0.5328859686851501,0.8817117810249329,0.9774831533432007,0.43720030784606934,False
1852,37.06,0.06924762576818466,-0.06126729026436806,-0.5328859686851501,0.8826506733894348,0.9797455668449402,0.4347577393054962,False
1853,37.08,0.06924762576818466,-0.06126729026436806,-0.5328859686851501,0.8831167817115784,0.981863260269165,0.42782238125801086,False
1854,37.1,0.06924762576818466,-0.06126729026436806,-0.5328859686851501,0.8838393092155457,0.9838050603866577,0.42461737990379333,False
1855,37.12,0.06924762576818466,-0.06126729026436806,-0.5328859686851501,0.8849101066589355,0.9855256676673889,0.42204710841178894,False
1856,37.14,0.06924762576818466,-0.06126729026436806,-0.5328859686851501,0.886221170425415,0.987034797668457,0.4185112714767456,False
1857,37.160000000000004,0.06924762576818466,-0.06126729026436806,-0.5328859686851501,0.8876221179962158,0.9882486462593079,0.4165380001068115,False
1858,37.18,0.06924762576818466,-0.06126729026436806,-0.5328859686851501,0.8893625140190125,0.9892140030860901,0.4157508313655853,False
1859,37.2,0.06924762576818466,-0.06126729026436806,-0.5328859686851501,0.8916373252868652,0.9900558590888977,0.414141446352005,False
1860,37.22,0.06924762576818466,-0.06126729026436806,-0.5328859686851501,0.8942844271659851,0.9907000064849854,0.4116281569004059,False
1861,37.24,0.06924762576818466,-0.06126729026436806,-0.5328859686851501,0.8971333503723145,0.9910128116607666,0.40810975432395935,False
1862,37.26,0.06924762576818466,-0.06126729026436806,-0.5328859686851501,0.9001584649085999,0.9909884929656982,0.40362486243247986,False
1863,37.28,0.06924762576818466,-0.06126729026436806,-0.5328859686851501,0.9034056663513184,0.9907485246658325,0.4001580774784088,False
1864,37.300000000000004,0.06924762576818466,-0.06126729026436806,-0.5328859686851501,0.9067760705947876,0.9903155565261841,0.3967845141887665,False
1865,37.32,0.06924762576818466,-0.06126729026436806,-0.5328859686851501,0.910163164138794,0.9897594451904297,0.3948231637477875,False
1866,37.34,0.06924762576818466,-0.06126729026436806,-0.5328859686851501,0.9136489033699036,0.9891747236251831,0.39288750290870667,False
1867,37.36,0.06924762576818466,-0.06126729026436806,-0.5328859686851501,0.9171071648597717,0.9883965253829956,0.3917967975139618,False
1868,37.38,0.06924762576818466,-0.06126729026436806,-0.5328859686851501,0.9205695986747742,0.9874561429023743,0.38724836707115173,False
1869,37.4,0.06924762576818466,-0.06126729026436806,-0.5328859686851501,0.9236121773719788,0.9872086644172668,0.3800770342350006,False
1870,37.42,0.06924762576818466,-0.06126729026436806,-0.5328859686851501,0.9267736077308655,0.986854076385498,0.37732651829719543,False
1871,37.44,0.06924762576818466,-0.06126729026436806,-0.5328859686851501,0.9297705888748169,0.9863794445991516,0.37616071105003357,False
1872,37.46,0.06924762576818466,-0.06126729026436806,-0.5328859686851501,0.9323316812515259,0.9856038689613342,0.374178409576416,False
1873,37.480000000000004,0.06924762576818466,-0.06126729026436806,-0.5328859686851501,0.9342750906944275,0.9847044944763184,0.3694482147693634,False
1874,37.5,0.06924762576818466,-0.06126729026436806,-0.5328859686851501,0.9357059597969055,0.983988881111145,0.36414942145347595,False
1875,37.52,-0.03134678676724434,-0.06537584960460663,-0.5580410957336426,0.9366596341133118,0.9836925268173218,0.3587798476219177,False
1876,37.54,-0.03134678676724434,-0.06537584960460663,-0.5580410957336426,0.937416672706604,0.9837723970413208,0.3546845018863678,False
1877,37.56,-0.03134678676724434,-0.06537584960460663,-0.5580410957336426,0.938160240650177,0.9840016961097717,0.35318365693092346,False
1878,37.58,-0.03134678676724434,-0.06537584960460663,-0.5580410957336426,0.9388326406478882,0.9843204617500305,0.35362231731414795,False
1879,37.6,-0.03134678676724434,-0.06537584960460663,-0.5580410957336426,0.9392890930175781,0.98471999168396,0.354426771402359,False
1880,37.62,-0.03134678676724434,-0.06537584960460663,-0.5580410957336426,0.9393946528434753,0.9852720499038696,0.3535503149032593,False
1881,37.64,-0.03134678676724434,-0.06537584960460663,-0.5580410957336426,0.9391720294952393,0.9860771894454956,0.351801335811615,False
1882,37.660000000000004,-0.03134678676724434,-0.06537584960460663,-0.5580410957336426,0.9387567043304443,0.9871204495429993,0.34940803050994873,False
1883,37.68,-0.03134678676724434,-0.06537584960460663,-0.5580410957336426,0.9382320046424866,0.9882157444953918,0.34805309772491455,False
1884,37.7,-0.03134678676724434,-0.06537584960460663,-0.5580410957336426,0.9376176595687866,0.9891579747200012,0.3459700644016266,False
1885,37.72,-0.03134678676724434,-0.06537584960460663,-0.5580410957336426,0.9368962049484253,0.9899775385856628,0.34016892313957214,False
1886,37.74,-0.03134678676724434,-0.06537584960460663,-0.5580410957336426,0.9362309575080872,0.9908203482627869,0.33396193385124207,False
1887,37.76,-0.03134678676724434,-0.06537584960460663,-0.5580410957336426,0.9355598092079163,0.9918098449707031,0.3280657231807709,False
1888,37.78,-0.03134678676724434,-0.06537584960460663,-0.5580410957336426,0.9344490170478821,0.9932025671005249,0.324619859457016,False
1889,37.800000000000004,-0.03134678676724434,-0.06537584960460663,-0.5580410957336426,0.9329264163970947,0.9950758218765259,0.32194897532463074,False
1890,37.82,-0.03134678676724434,-0.06537584960460663,-0.5580410957336426,0.9311042428016663,0.9961225986480713,0.3169494569301605,False
1891,37.84,-0.03134678676724434,-0.06537584960460663,-0.5580410957336426,0.9289134740829468,0.9968774318695068,0.3115777373313904,False
1892,37.86,-0.03134678676724434,-0.06537584960460663,-0.5580410957336426,0.9261026978492737,0.9976871013641357,0.30501091480255127,False
1893,37.88,-0.03134678676724434,-0.06537584960460663,-0.5580410957336426,0.9232910871505737,0.9983729124069214,0.300673246383667,False
1894,37.9,-0.03134678676724434,-0.06537584960460663,-0.5580410957336426,0.9207843542098999,0.998637318611145,0.2984621524810791,False
1895,37.92,-0.03134678676724434,-0.06537584960460663,-0.5580410957336426,0.9183712005615234,0.9990382790565491,0.29532378911972046,False
1896,37.94,-0.03134678676724434,-0.06537584960460663,-0.5580410957336426,0.9160484671592712,0.9995967745780945,0.29192158579826355,False
1897,37.96,-0.03134678676724434,-0.06537584960460663,-0.5580410957336426,0.9137288331985474,1.0001380443572998,0.28898516297340393,False
1898,37.980000000000004,-0.03134678676724434,-0.06537584960460663,-0.5580410957336426,0.9113929867744446,1.0003612041473389,0.28696122765541077,False
1899,38.0,-0.03134678676724434,-0.06537584960460663,-0.5580410957336426,0.9091112017631531,1.000281572341919,0.28397756814956665,False
1900,38.02,0.04984857514500618,-0.07747097313404083,-0.5802505612373352,0.9070043563842773,0.9999683499336243,0.28207945823669434,False
1901,38.04,0.04984857514500618,-0.07747097313404083,-0.5802505612373352,0.9054371118545532,0.999504804611206,0.27908456325531006,False
1902,38.06,0.04984857514500618,-0.07747097313404083,-0.5802505612373352,0.9042963981628418,0.9990363717079163,0.2737845182418823,False
1903,38.08,0.04984857514500618,-0.07747097313404083,-0.5802505612373352,0.9033453464508057,0.9983805418014526,0.26838570833206177,False
1904,38.1,0.04984857514500618,-0.07747097313404083,-0.5802505612373352,0.9025861620903015,0.9973593950271606,0.2652069926261902,False
1905,38.12,0.04984857514500618,-0.07747097313404083,-0.5802505612373352,0.9019644260406494,0.9960340261459351,0.2613532841205597,False
1906,38.14,0.04984857514500618,-0.07747097313404083,-0.5802505612373352,0.9005016088485718,0.9948177933692932,0.25356927514076233,False
1907,38.160000000000004,0.04984857514500618,-0.07747097313404083,-0.5802505612373352,0.8995375037193298,0.9938516616821289,0.2518821060657501,False
1908,38.18,0.04984857514500618,-0.07747097313404083,-0.5802505612373352,0.8996339440345764,0.9927624464035034,0.25305652618408203,False
1909,38.2,0.04984857514500618,-0.07747097313404083,-0.5802505612373352,0.8997962474822998,0.9914257526397705,0.2533062696456909,False
1910,38.22,0.04984857514500618,-0.07747097313404083,-0.5802505612373352,0.8998504877090454,0.9899972081184387,0.2520442008972168,False
1911,38.24,0.04984857514500618,-0.07747097313404083,-0.5802505612373352,0.899914562702179,0.9885520339012146,0.249971404671669,False
1912,38.26,0.04984857514500618,-0.07747097313404083,-0.5802505612373352,0.900151789188385,0.9874451160430908,0.24525456130504608,False
1913,38.28,0.04984857514500618,-0.07747097313404083,-0.5802505612373352,0.9007790684700012,0.9870020747184753,0.23861970007419586,False
1914,38.300000000000004,0.04984857514500618,-0.07747097313404083,-0.5802505612373352,0.9015404582023621,0.9869146347045898,0.2348761409521103,False
1915,38.32,0.04984857514500618,-0.07747097313404083,-0.5802505612373352,0.9020473957061768,0.9868068099021912,0.23325401544570923,False
1916,38.34,0.04984857514500618,-0.07747097313404083,-0.5802505612373352,0.9026858806610107,0.986852765083313,0.2325240969657898,False
1917,38.36,0.04984857514500618,-0.07747097313404083,-0.5802505612373352,0.903636634349823,0.9869239330291748,0.23236168920993805,False
1918,38.38,0.04984857514500618,-0.07747097313404083,-0.5802505612373352,0.9049825072288513,0.9869895577430725,0.2308647781610489,False
1919,38.4,0.04984857514500618,-0.07747097313404083,-0.5802505612373352,0.9065176844596863,0.9873059988021851,0.22819995880126953,False
1920,38.42,0.04984857514500618,-0.07747097313404083,-0.5802505612373352,0.9080361127853394,0.9882217049598694,0.22579124569892883,False
1921,38.44,0.04984857514500618,-0.07747097313404083,-0.5802505612373352,0.9094045162200928,0.9893643260002136,0.22458791732788086,False
1922,38.46,0.04984857514500618,-0.07747097313404083,-0.5802505612373352,0.9106820821762085,0.9904845952987671,0.22335173189640045,False
1923,38.480000000000004,0.04984857514500618,-0.07747097313404083,-0.5802505612373352,0.9118799567222595,0.9914847612380981,0.2231932133436203,False
1924,38.5,0.04984857514500618,-0.07747097313404083,-0.5802505612373352,0.9131267070770264,0.9924986362457275,0.22290316224098206,False
1925,38.52,0.04272092878818512,-0.06135498359799385,-0.5992064476013184,0.9143914580345154,0.9936409592628479,0.2223566174507141,False
1926,38.54,0.04272092878818512,-0.06135498359799385,-0.5992064476013184,0.9155992269515991,0.994824230670929,0.22267480194568634,False
1927,38.56,0.04272092878818512,-0.06135498359799385,-0.5992064476013184,0.9168916344642639,0.995868444442749,0.22249965369701385,False
1928,38.58,0.04272092878818512,-0.06135498359799385,-0.5992064476013184,0.9182872772216797,0.9967389702796936,0.2224324345588684,False
1929,38.6,0.04272092878818512,-0.06135498359799385,-0.5992064476013184,0.9197325110435486,0.9975560903549194,0.22195744514465332,False
1930,38.62,0.04272092878818512,-0.06135498359799385,-0.5992064476013184,0.9212399125099182,0.9985103011131287,0.2223527431488037,False
1931,38.64,0.04272092878818512,-0.06135498359799385,-0.5992064476013184,0.9226856827735901,0.99957674741745,0.22434592247009277,False
1932,38.660000000000004,0.04272092878818512,-0.06135498359799385,-0.5992064476013184,0.9238548278808594,1.000670313835144,0.22682438790798187,False
1933,38.68,0.04272092878818512,-0.06135498359799385,-0.5992064476013184,0.9247989058494568,1.0017904043197632,0.22889812290668488,False
1934,38.7,0.04272092878818512,-0.06135498359799385,-0.5992064476013184,0.9256272315979004,1.002931833267212,0.23126062750816345,False
1935,38.72,0.04272092878818512,-0.06135498359799385,-0.5992064476013184,0.9264609813690186,1.0040552616119385,0.2336408793926239,False
1936,38.74,0.04272092878818512,-0.06135498359799385,-0.5992064476013184,0.9273717999458313,1.0050050020217896,0.2348206788301468,False
1937,38.76,0.04272092878818512,-0.06135498359799385,-0.5992064476013184,0.9282563924789429,1.0055586099624634,0.23494946956634521,False
1938,38.78,0.04272092878818512,-0.06135498359799385,-0.5992064476013184,0.9290700554847717,1.0058218240737915,0.23500199615955353,False
1939,38.800000000000004,0.04272092878818512,-0.06135498359799385,-0.5992064476013184,0.9297545552253723,1.005914568901062,0.23485486209392548,False
1940,38.82,0.04272092878818512,-0.06135498359799385,-0.5992064476013184,0.9302353262901306,1.006025791168213,0.23530131578445435,False
1941,38.84,0.04272092878818512,-0.06135498359799385,-0.5992064476013184,0.9306729435920715,1.0062512159347534,0.23590534925460815,False
1942,38.86,0.04272092878818512,-0.06135498359799385,-0.5992064476013184,0.9310428500175476,1.0064245462417603,0.23513896763324738,False
1943,38.88,0.04272092878818512,-0.06135498359799385,-0.5992064476013184,0.9313124418258667,1.0064003467559814,0.23419681191444397,False
1944,38.9,0.04272092878818512,-0.06135498359799385,-0.5992064476013184,0.9314122200012207,1.0061886310577393,0.23310476541519165,False
1945,38.92,0.04272092878818512,-0.06135498359799385,-0.5992064476013184,0.9313904643058777,1.0059329271316528,0.23287265002727509,False
1946,38.94,0.04272092878818512,-0.06135498359799385,-0.5992064476013184,0.9312829375267029,1.0055643320083618,0.2318481206893921,False
1947,38.96,0.04272092878818512,-0.06135498359799385,-0.5992064476013184,0.9310439229011536,1.0050246715545654,0.23208460211753845,False
1948,38.980000000000004,0.04272092878818512,-0.06135498359799385,-0.5992064476013184,0.930804431438446,1.0043305158615112,0.23147082328796387,False
1949,39.0,0.04272092878818512,-0.06135498359799385,-0.5992064476013184,0.9306367039680481,1.0037153959274292,0.23062463104724884,False
1950,39.02,-0.02632373943924904,-0.06734838336706161,-0.619579017162323,0.9304303526878357,1.0032681226730347,0.22990790009498596,False
1951,39.04,-0.02632373943924904,-0.06734838336706161,-0.619579017162323,0.9299941062927246,1.0026960372924805,0.2303609400987625,False
1952,39.06,-0.02632373943924904,-0.06734838336706161,-0.619579017162323,0.9293974041938782,1.0018433332443237,0.23039384186267853,False
1953,39.08,-0.02632373943924904,-0.06734838336706161,-0.619579017162323,0.9286984801292419,1.000771164894104,0.23043888807296753,False
1954,39.1,-0.02632373943924904,-0.06734838336706161,-0.619579017162323,0.9280051589012146,0.9995837211608887,0.23061417043209076,False
1955,39.12,-0.02632373943924904,-0.06734838336706161,-0.619579017162323,0.9272072911262512,0.9984374046325684,0.23072084784507751,False
1956,39.14,-0.02632373943924904,-0.06734838336706161,-0.619579017162323,0.9262982606887817,0.9975576996803284,0.2314663827419281,False
1957,39.160000000000004,-0.02632373943924904,-0.06734838336706161,-0.619579017162323,0.9253160953521729,0.9969962239265442,0.23222482204437256,False
1958,39.18,-0.02632373943924904,-0.06734838336706161,-0.619579017162323,0.9243996739387512,0.9967297315597534,0.23268932104110718,False
1959,39.2,-0.02632373943924904,-0.06734838336706161,-0.619579017162323,0.9234533905982971,0.9966026544570923,0.23188495635986328,False
1960,39.22,-0.02632373943924904,-0.06734838336706161,-0.619579017162323,0.9223293662071228,0.9963242411613464,0.230196014046669,False
1961,39.24,-0.02632373943924904,-0.06734838336706161,-0.619579017162323,0.9209911823272705,0.9958426356315613,0.2305694818496704,False
1962,39.26,-0.02632373943924904,-0.06734838336706161,-0.619579017162323,0.9196345210075378,0.9953413605690002,0.23115301132202148,False
1963,39.28,-0.02632373943924904,-0.06734838336706161,-0.619579017162323,0.9184325337409973,0.9948784708976746,0.23030529916286469,False
1964,39.300000000000004,-0.02632373943924904,-0.06734838336706161,-0.619579017162323,0.9173447489738464,0.994502067565918,0.23093727231025696,False
1965,39.32,-0.02632373943924904,-0.06734838336706161,-0.619579017162323,0.9163728356361389,0.9941196441650391,0.23194052278995514,False
1966,39.34,-0.02632373943924904,-0.06734838336706161,-0.619579017162323,0.9154047966003418,0.9936714768409729,0.23215757310390472,False
1967,39.36,-0.02632373943924904,-0.06734838336706161,-0.619579017162323,0.9143955707550049,0.9931879639625549,0.2328837513923645,False
1968,39.38,-0.02632373943924904,-0.06734838336706161,-0.619579017162323,0.9134405851364136,0.9926769137382507,0.23254504799842834,False
1969,39.4,-0.02632373943924904,-0.06734838336706161,-0.619579017162323,0.9124946594238281,0.9921656250953674,0.2312535047531128,False
1970,39.42,-0.02632373943924904,-0.06734838336706161,-0.619579017162323,0.9115745425224304,0.9917941093444824,0.23044328391551971,False
1971,39.44,-0.02632373943924904,-0.06734838336706161,-0.619579017162323,0.9105944633483887,0.9917004108428955,0.2295912206172943,False
1972,39.46,-0.02632373943924904,-0.06734838336706161,-0.619579017162323,0.9094724655151367,0.9918445944786072,0.2289269119501114,False
1973,39.480000000000004,-0.02632373943924904,-0.06734838336706161,-0.619579017162323,0.9082996845245361,0.9920693635940552,0.22957976162433624,False
1974,39.5,-0.02632373943924904,-0.06734838336706161,-0.619579017162323,0.9071164727210999,0.9922589063644409,0.2299024760723114,False
1975,39.52,-0.008908061310648918,-0.07271463423967361,-0.5708364844322205,0.9059271812438965,0.9923084378242493,0.22914394736289978,False
1976,39.54,-0.008908061310648918,-0.07271463423967361,-0.5708364844322205,0.9048635363578796,0.9923858046531677,0.22822660207748413,False
1977,39.56,-0.008908061310648918,-0.07271463423967361,-0.5708364844322205,0.904119610786438,0.9926072359085083,0.2279311865568161,False
1978,39.58,-0.008908061310648918,-0.07271463423967361,-0.5708364844322205,0.9035513997077942,0.9929837584495544,0.22794407606124878,False
1979,39.6,-0.008908061310648918,-0.07271463423967361,-0.5708364844322205,0.9029521942138672,0.993420422077179,0.22806285321712494,False
1980,39.62,-0.008908061310648918,-0.07271463423967361,-0.5708364844322205,0.902371346950531,0.9938139915466309,0.23005102574825287,False
1981,39.64,-0.008908061310648918,-0.07271463423967361,-0.5708364844322205,0.9018374085426331,0.9941232800483704,0.2311473935842514,False
1982,39.660000000000004,-0.008908061310648918,-0.07271463423967361,-0.5708364844322205,0.9013130068778992,0.9942730069160461,0.23066124320030212,False
1983,39.68,-0.008908061310648918,-0.07271463423967361,-0.5708364844322205,0.9008266925811768,0.9943211674690247,0.22949539124965668,False
1984,39.7,-0.008908061310648918,-0.07271463423967361,-0.5708364844322205,0.90047287940979,0.9945051074028015,0.22867099940776825,False
1985,39.72,-0.008908061310648918,-0.07271463423967361,-0.5708364844322205,0.9001374840736389,0.9950287938117981,0.22731797397136688,False
1986,39.74,-0.008908061310648918,-0.07271463423967361,-0.5708364844322205,0.8996914625167847,0.9957965016365051,0.2255132496356964,False
1987,39.76,-0.008908061310648918,-0.07271463423967361,-0.5708364844322205,0.8991920351982117,0.9966145157814026,0.2258634865283966,False
1988,39.78,-0.008908061310648918,-0.07271463423967361,-0.5708364844322205,0.8989793658256531,0.9973722696304321,0.22631575167179108,False
1989,39.800000000000004,-0.008908061310648918,-0.07271463423967361,-0.5708364844322205,0.8988575339317322,0.9980885982513428,0.22697366774082184,False
1990,39.82,-0.008908061310648918,-0.07271463423967361,-0.5708364844322205,0.8987216353416443,0.9986900687217712,0.22905679047107697,False
1991,39.84,-0.008908061310648918,-0.07271463423967361,-0.5708364844322205,0.8986303806304932,0.9992786049842834,0.23010048270225525,False
1992,39.86,-0.008908061310648918,-0.07271463423967361,-0.5708364844322205,0.8985365033149719,0.9998835921287537,0.2306753247976303,False
1993,39.88,-0.008908061310648918,-0.07271463423967361,-0.5708364844322205,0.8984020948410034,1.0005087852478027,0.2302570790052414,False
1994,39.9,-0.008908061310648918,-0.07271463423967361,-0.5708364844322205,0.8982188105583191,1.001205563545227,0.22909040749073029,False
1995,39.92,-0.008908061310648918,-0.07271463423967361,-0.5708364844322205,0.8980363607406616,1.0019351243972778,0.2286549061536789,False
1996,39.94,-0.008908061310648918,-0.07271463423967361,-0.5708364844322205,0.8978798985481262,1.0025306940078735,0.22942788898944855,False
1997,39.96,-0.008908061310648918,-0.07271463423967361,-0.5708364844322205,0.8977058529853821,1.0030609369277954,0.22934089601039886,False
1998,39.980000000000004,-0.008908061310648918,-0.07271463423967361,-0.5708364844322205,0.8975185751914978,1.0035970211029053,0.2284892350435257,False
1999,40.0,-0.008908061310648918,-0.07271463423967361,-0.5708364844322205,0.897227942943573,1.0039622783660889,0.22909164428710938,False
2000,40.02,-0.02202731929719448,-0.08860649168491364,-0.5909090042114258,0.8966493606567383,1.0040069818496704,0.23037347197532654,False
2001,40.04,-0.02202731929719448,-0.08860649168491364,-0.5909090042114258,0.8960562944412231,1.0039151906967163,0.2312241792678833,False
2002,40.06,-0.02202731929719448,-0.08860649168491364,-0.5909090042114258,0.8956996202468872,1.0039399862289429,0.2307063341140747,False
2003,40.08,-0.02202731929719448,-0.08860649168491364,-0.5909090042114258,0.8955267667770386,1.0040807723999023,0.2297571897506714,False
2004,40.1,-0.02202731929719448,-0.08860649168491364,-0.5909090042114258,0.8951396346092224,1.0041760206222534,0.2293645143508911,False
2005,40.12,-0.02202731929719448,-0.08860649168491364,-0.5909090042114258,0.8945993781089783,1.0042434930801392,0.23036129772663116,False
2006,40.14,-0.02202731929719448,-0.08860649168491364,-0.5909090042114258,0.8939924240112305,1.0042160749435425,0.2310759574174881,False
2007,40.160000000000004,-0.02202731929719448,-0.08860649168491364,-0.5909090042114258,0.8935633301734924,1.0040886402130127,0.23033243417739868,False
2008,40.18,-0.02202731929719448,-0.08860649168491364,-0.5909090042114258,0.8933494091033936,1.003913164138794,0.2288610339164734,False
2009,40.2,-0.02202731929719448,-0.08860649168491364,-0.5909090042114258,0.8931818604469299,1.0038281679153442,0.22814442217350006,False
2010,40.22,-0.02202731929719448,-0.08860649168491364,-0.5909090042114258,0.8930031657218933,1.0039311647415161,0.22861257195472717,False
2011,40.24,-0.02202731929719448,-0.08860649168491364,-0.5909090042114258,0.8926729559898376,1.0040438175201416,0.22866825759410858,False
2012,40.26,-0.02202731929719448,-0.08860649168491364,-0.5909090042114258,0.8923383951187134,1.0041000843048096,0.22943870723247528,False
2013,40.28,-0.02202731929719448,-0.08860649168491364,-0.5909090042114258,0.8921093344688416,1.0041871070861816,0.2293589860200882,False
2014,40.300000000000004,-0.02202731929719448,-0.08860649168491364,-0.5909090042114258,0.8919814229011536,1.0043445825576782,0.229900524020195,False
2015,40.32,-0.02202731929719448,-0.08860649168491364,-0.5909090042114258,0.891804575920105,1.0044467449188232,0.23055541515350342,False
2016,40.34,-0.02202731929719448,-0.08860649168491364,-0.5909090042114258,0.8915355205535889,1.0044113397598267,0.23074202239513397,False
2017,40.36,-0.02202731929719448,-0.08860649168491364,-0.5909090042114258,0.8912513256072998,1.004264235496521,0.2313677817583084,False
2018,40.38,-0.02202731929719448,-0.08860649168491364,-0.5909090042114258,0.8911429643630981,1.0040771961212158,0.23227092623710632,False
2019,40.4,-0.02202731929719448,-0.08860649168491364,-0.5909090042114258,0.8910207152366638,1.003852128982544,0.23158416152000427,False
2020,40.42,-0.02202731929719448,-0.08860649168491364,-0.5909090042114258,0.8909170031547546,1.0035995244979858,0.2303936928510666,False
2021,40.44,-0.02202731929719448,-0.08860649168491364,-0.5909090042114258,0.890761137008667,1.0033811330795288,0.22934624552726746,False
2022,40.46,-0.02202731929719448,-0.08860649168491364,-0.5909090042114258,0.8906185626983643,1.003326654434204,0.22807131707668304,False
2023,40.480000000000004,-0.02202731929719448,-0.08860649168491364,-0.5909090042114258,0.8905305862426758,1.0034468173980713,0.22633185982704163,False
2024,40.5,-0.02202731929719448,-0.08860649168491364,-0.5909090042114258,0.8904638886451721,1.0036460161209106,0.2256167232990265,False
2025,40.52,-0.05088464915752411,-0.09013934433460236,-0.597747266292572,0.8904749751091003,1.0036393404006958,0.22509275376796722,False
2026,40.54,-0.05088464915752411,-0.09013934433460236,-0.597747266292572,0.8904936909675598,1.0033884048461914,0.22641229629516602,False
2027,40.56,-0.05088464915752411,-0.09013934433460236,-0.597747266292572,0.8905121088027954,1.0031404495239258,0.22781606018543243,False
2028,40.58,-0.05088464915752411,-0.09013934433460236,-0.597747266292572,0.8906665444374084,1.0030978918075562,0.22845852375030518,False
2029,40.6,-0.05088464915752411,-0.09013934433460236,-0.597747266292572,0.8908728957176208,1.0031547546386719,0.22917941212654114,False
2030,40.62,-0.05088464915752411,-0.09013934433460236,-0.597747266292572,0.8911470770835876,1.0033127069473267,0.22921471297740936,False
2031,40.64,-0.05088464915752411,-0.09013934433460236,-0.597747266292572,0.8913325071334839,1.0035406351089478,0.2282429188489914,False
2032,40.660000000000004,-0.05088464915752411,-0.09013934433460236,-0.597747266292572,0.8912844657897949,1.0036228895187378,0.22760210931301117,False
2033,40.68,-0.05088464915752411,-0.09013934433460236,-0.597747266292572,0.8911736607551575,1.0035091638565063,0.22787103056907654,False
2034,40.7,-0.05088464915752411,-0.09013934433460236,-0.597747266292572,0.8911188244819641,1.003201961517334,0.22869354486465454,False
2035,40.72,-0.05088464915752411,-0.09013934433460236,-0.597747266292572,0.8913232684135437,1.002899408340454,0.22865359485149384,False
2036,40.74,-0.05088464915752411,-0.09013934433460236,-0.597747266292572,0.8917039036750793,1.0027811527252197,0.22851376235485077,False
2037,40.76,-0.05088464915752411,-0.09013934433460236,-0.597747266292572,0.8920652866363525,1.0026359558105469,0.2283087968826294,False
2038,40.78,-0.05088464915752411,-0.09013934433460236,-0.597747266292572,0.8922104835510254,1.0023223161697388,0.22875505685806274,False
2039,40.800000000000004,-0.05088464915752411,-0.09013934433460236,-0.597747266292572,0.8923596143722534,1.0020197629928589,0.22871874272823334,False
2040,40.82,-0.05088464915752411,-0.09013934433460236,-0.597747266292572,0.8927345871925354,1.0017863512039185,0.22813504934310913,False
2041,40.84,-0.05088464915752411,-0.09013934433460236,-0.597747266292572,0.8931694626808167,1.0015432834625244,0.22778956592082977,False
2042,40.86,-0.05088464915752411,-0.09013934433460236,-0.597747266292572,0.8935532569885254,1.001258373260498,0.22734349966049194,False
2043,40.88,-0.05088464915752411,-0.09013934433460236,-0.597747266292572,0.8938230276107788,1.0007901191711426,0.22647547721862793,False
2044,40.9,-0.05088464915752411,-0.09013934433460236,-0.597747266292572,0.8941159248352051,1.000269889831543,0.22661538422107697,False
2045,40.92,-0.05088464915752411,-0.09013934433460236,-0.597747266292572,0.8944169282913208,0.9999251961708069,0.22769255936145782,False
2046,40.94,-0.05088464915752411,-0.09013934433460236,-0.597747266292572,0.8944637179374695,0.9998444318771362,0.22890520095825195,False
2047,40.96,-0.05088464915752411,-0.09013934433460236,-0.597747266292572,0.8943976759910583,0.9998801946640015,0.22962473332881927,False
2048,40.980000000000004,-0.05088464915752411,-0.09013934433460236,-0.597747266292572,0.894512951374054,0.9997895359992981,0.22961561381816864,False
2049,41.0,-0.05088464915752411,-0.09013934433460236,-0.597747266292572,0.8947744965553284,0.9992679357528687,0.22948136925697327,False
2050,41.02,-0.07913210988044739,-0.09546096622943878,-0.6317971348762512,0.8950157761573792,0.9984632134437561,0.22870703041553497,False
2051,41.04,-0.07913210988044739,-0.09546096622943878,-0.6317971348762512,0.895277202129364,0.9977220296859741,0.22872692346572876,False
2052,41.06,-0.07913210988044739,-0.09546096622943878,-0.6317971348762512,0.8955812454223633,0.9971335530281067,0.22728535532951355,False
2053,41.08,-0.07913210988044739,-0.09546096622943878,-0.6317971348762512,0.8957605361938477,0.9967480897903442,0.22669735550880432,False
2054,41.1,-0.07913210988044739,-0.09546096622943878,-0.6317971348762512,0.8958868384361267,0.9964768886566162,0.2265186905860901,False
2055,41.12,-0.07913210988044739,-0.09546096622943878,-0.6317971348762512,0.8960559964179993,0.9962422251701355,0.2252500355243683,False
2056,41.14,-0.07913210988044739,-0.09546096622943878,-0.6317971348762512,0.8961911797523499,0.9959157109260559,0.22478018701076508,False
2057,41.160000000000004,-0.07913210988044739,-0.09546096622943878,-0.6317971348762512,0.8961673378944397,0.9954091906547546,0.22552408277988434,False
2058,41.18,-0.07913210988044739,-0.09546096622943878,-0.6317971348762512,0.896133542060852,0.9948681592941284,0.2267821878194809,False
2059,41.2,-0.07913210988044739,-0.09546096622943878,-0.6317971348762512,0.8960862159729004,0.9944682121276855,0.2284877896308899,False
2060,41.22,-0.07913210988044739,-0.09546096622943878,-0.6317971348762512,0.8959310054779053,0.994124710559845,0.23026712238788605,False
2061,41.24,-0.07913210988044739,-0.09546096622943878,-0.6317971348762512,0.8958010673522949,0.9937343597412109,0.23091401159763336,False
2062,41.26,-0.07913210988044739,-0.09546096622943878,-0.6317971348762512,0.8958011865615845,0.9934194087982178,0.23082536458969116,False
2063,41.28,-0.07913210988044739,-0.09546096622943878,-0.6317971348762512,0.8958296179771423,0.9931673407554626,0.2320600152015686,False
2064,41.300000000000004,-0.07913210988044739,-0.09546096622943878,-0.6317971348762512,0.8957785367965698,0.9929271936416626,0.23242469131946564,False
2065,41.32,-0.07913210988044739,-0.09546096622943878,-0.6317971348762512,0.8956779837608337,0.9927724003791809,0.23169837892055511,False
2066,41.34,-0.07913210988044739,-0.09546096622943878,-0.6317971348762512,0.8955714702606201,0.9928138852119446,0.2313205599784851,False
2067,41.36,-0.07913210988044739,-0.09546096622943878,-0.6317971348762512,0.8954979181289673,0.9929803609848022,0.2305668145418167,False
2068,41.38,-0.07913210988044739,-0.09546096622943878,-0.6317971348762512,0.8952993750572205,0.993021547794342,0.23037567734718323,False
2069,41.4,-0.07913210988044739,-0.09546096622943878,-0.6317971348762512,0.8949291706085205,0.9929367303848267,0.22962486743927002,False
2070,41.42,-0.07913210988044739,-0.09546096622943878,-0.6317971348762512,0.8944952487945557,0.9929101467132568,0.22834622859954834,False
2071,41.44,-0.07913210988044739,-0.09546096622943878,-0.6317971348762512,0.8941354155540466,0.992960512638092,0.22875075042247772,False
2072,41.46,-0.07913210988044739,-0.09546096622943878,-0.6317971348762512,0.8936492204666138,0.9930715560913086,0.22863084077835083,False
2073,41.480000000000004,-0.07913210988044739,-0.09546096622943878,-0.6317971348762512,0.8931952118873596,0.9933095574378967,0.22758649289608002,False
2074,41.5,-0.07913210988044739,-0.09546096622943878,-0.6317971348762512,0.892724335193634,0.9935994744300842,0.22696474194526672,False
2075,41.52,-0.019149359315633774,-0.09157083928585052,-0.6362083554267883,0.8921481370925903,0.9938679933547974,0.22766618430614471,False
2076,41.54,-0.019149359315633774,-0.09157083928585052,-0.6362083554267883,0.8917007446289062,0.9940600395202637,0.22886133193969727,False
2077,41.56,-0.019149359315633774,-0.09157083928585052,-0.6362083554267883,0.8915170431137085,0.9941590428352356,0.2295115441083908,False
2078,41.58,-0.019149359315633774,-0.09157083928585052,-0.6362083554267883,0.8915454149246216,0.994318962097168,0.22951661050319672,False
2079,41.6,-0.019149359315633774,-0.09157083928585052,-0.6362083554267883,0.8917298316955566,0.9946069121360779,0.2286859154701233,False
2080,41.62,-0.019149359315633774,-0.09157083928585052,-0.6362083554267883,0.8918070197105408,0.9948545098304749,0.22703173756599426,False
2081,41.64,-0.019149359315633774,-0.09157083928585052,-0.6362083554267883,0.8918137550354004,0.9950118660926819,0.2250320464372635,False
2082,41.660000000000004,-0.019149359315633774,-0.09157083928585052,-0.6362083554267883,0.8918516039848328,0.9951851963996887,0.22414085268974304,False
2083,41.68,-0.019149359315633774,-0.09157083928585052,-0.6362083554267883,0.8919182419776917,0.9954751133918762,0.22450900077819824,False
2084,41.7,-0.019149359315633774,-0.09157083928585052,-0.6362083554267883,0.8921423554420471,0.9958248734474182,0.2249392420053482,False
2085,41.72,-0.019149359315633774,-0.09157083928585052,-0.6362083554267883,0.8924484848976135,0.9961292743682861,0.22609005868434906,False
2086,41.74,-0.019149359315633774,-0.09157083928585052,-0.6362083554267883,0.8928254246711731,0.9964417219161987,0.22736519575119019,False
2087,41.76,-0.019149359315633774,-0.09157083928585052,-0.6362083554267883,0.8931176662445068,0.9968694448471069,0.22797097265720367,False
2088,41.78,-0.019149359315633774,-0.09157083928585052,-0.6362083554267883,0.8933362364768982,0.9974125027656555,0.2284577637910843,False
2089,41.800000000000004,-0.019149359315633774,-0.09157083928585052,-0.6362083554267883,0.8935462832450867,0.9978249073028564,0.22852520644664764,False
2090,41.82,-0.019149359315633774,-0.09157083928585052,-0.6362083554267883,0.8935425281524658,0.9979411363601685,0.22854740917682648,False
2091,41.84,-0.019149359315633774,-0.09157083928585052,-0.6362083554267883,0.8936724662780762,0.9979627728462219,0.2285696119070053,False
2092,41.86,-0.019149359315633774,-0.09157083928585052,-0.6362083554267883,0.8940590620040894,0.9980888366699219,0.22713105380535126,False
2093,41.88,-0.019149359315633774,-0.09157083928585052,-0.6362083554267883,0.8946296572685242,0.9983652830123901,0.227389395236969,False
2094,41.9,-0.019149359315633774,-0.09157083928585052,-0.6362083554267883,0.8952696323394775,0.9986883997917175,0.22704991698265076,False
2095,41.92,-0.019149359315633774,-0.09157083928585052,-0.6362083554267883,0.8957622051239014,0.9990761876106262,0.22746285796165466,False
2096,41.94,-0.019149359315633774,-0.09157083928585052,-0.6362083554267883,0.896167516708374,0.9996224045753479,0.22827771306037903,False
2097,41.96,-0.019149359315633774,-0.09157083928585052,-0.6362083554267883,0.8963926434516907,1.0002046823501587,0.22883743047714233,False
2098,41.980000000000004,-0.019149359315633774,-0.09157083928585052,-0.6362083554267883,0.8964602947235107,1.0005905628204346,0.22820128500461578,False
2099,42.0,-0.019149359315633774,-0.09157083928585052,-0.6362083554267883,0.8965784311294556,1.0006428956985474,0.22780272364616394,False
2100,42.02,0.15042805671691895,-0.09166423231363297,-0.6285441517829895,0.8969339728355408,1.0005161762237549,0.22793711721897125,False
2101,42.04,0.15042805671691895,-0.09166423231363297,-0.6285441517829895,0.8974311351776123,1.0004762411117554,0.22751936316490173,False
2102,42.06,0.15042805671691895,-0.09166423231363297,-0.6285441517829895,0.8979141116142273,1.0005332231521606,0.22765614092350006,False
2103,42.08,0.15042805671691895,-0.09166423231363297,-0.6285441517829895,0.8985717296600342,1.0006952285766602,0.2282157838344574,False
2104,42.1,0.15042805671691895,-0.09166423231363297,-0.6285441517829895,0.8993308544158936,1.0009112358093262,0.22869180142879486,False
2105,42.12,0.15042805671691895,-0.09166423231363297,-0.6285441517829895,0.9001904129981995,1.0011465549468994,0.22900055348873138,False
2106,42.14,0.15042805671691895,-0.09166423231363297,-0.6285441517829895,0.9012023210525513,1.001279354095459,0.22918744385242462,False
2107,42.160000000000004,0.15042805671691895,-0.09166423231363297,-0.6285441517829895,0.9023481011390686,1.001340627670288,0.2285405844449997,False
2108,42.18,0.15042805671691895,-0.09166423231363297,-0.6285441517829895,0.9035927653312683,1.001479148864746,0.22767910361289978,False
2109,42.2,0.15042805671691895,-0.09166423231363297,-0.6285441517829895,0.9050242900848389,1.001701831817627,0.2280658483505249,False
2110,42.22,0.15042805671691895,-0.09166423231363297,-0.6285441517829895,0.9064696431159973,1.001932978630066,0.22959622740745544,False
2111,42.24,0.15042805671691895,-0.09166423231363297,-0.6285441517829895,0.9077539443969727,1.0022978782653809,0.2305493801832199,False
2112,42.26,0.15042805671691895,-0.09166423231363297,-0.6285441517829895,0.9089860916137695,1.0027929544448853,0.2300150841474533,False
2113,42.28,0.15042805671691895,-0.09166423231363297,-0.6285441517829895,0.9101105332374573,1.003236174583435,0.22979143261909485,False
2114,42.300000000000004,0.15042805671691895,-0.09166423231363297,-0.6285441517829895,0.9113405346870422,1.0035406351089478,0.22991015017032623,False
2115,42.32,0.15042805671691895,-0.09166423231363297,-0.6285441517829895,0.9126551151275635,1.003597617149353,0.22908125817775726,False
2116,42.34,0.15042805671691895,-0.09166423231363297,-0.6285441517829895,0.9141461849212646,1.0035077333450317,0.22940249741077423,False
2117,42.36,0.15042805671691895,-0.09166423231363297,-0.6285441517829895,0.9159042835235596,1.003517508506775,0.2288314402103424,False
2118,42.38,0.15042805671691895,-0.09166423231363297,-0.6285441517829895,0.9177912473678589,1.0038291215896606,0.22920234501361847,False
2119,42.4,0.15042805671691895,-0.09166423231363297,-0.6285441517829895,0.9196266531944275,1.004311203956604,0.22969628870487213,False
2120,42.42,0.15042805671691895,-0.09166423231363297,-0.6285441517829895,0.9214233756065369,1.0046215057373047,0.23049473762512207,False
2121,42.44,0.15042805671691895,-0.09166423231363297,-0.6285441517829895,0.9231265783309937,1.0047008991241455,0.23121581971645355,False
2122,42.46,0.15042805671691895,-0.09166423231363297,-0.6285441517829895,0.9247328042984009,1.0047366619110107,0.23075148463249207,False
2123,42.480000000000004,0.15042805671691895,-0.09166423231363297,-0.6285441517829895,0.9263790845870972,1.0047621726989746,0.23076744377613068,False
2124,42.5,0.15042805671691895,-0.09166423231363297,-0.6285441517829895,0.928132176399231,1.0048625469207764,0.23032735288143158,False
2125,42.52,0.29574650526046753,-0.09331417828798294,-0.6301710605621338,0.9298585057258606,1.0050541162490845,0.22970935702323914,False
2126,42.54,0.29574650526046753,-0.09331417828798294,-0.6301710605621338,0.9315733313560486,1.0051215887069702,0.23105953633785248,False
2127,42.56,0.29574650526046753,-0.09331417828798294,-0.6301710605621338,0.9334310293197632,1.005033016204834,0.23311680555343628,False
2128,42.58,0.29574650526046753,-0.09331417828798294,-0.6301710605621338,0.9355226159095764,1.0049324035644531,0.23497162759304047,False
2129,42.6,0.29574650526046753,-0.09331417828798294,-0.6301710605621338,0.9377834796905518,1.0048526525497437,0.2357058972120285,False
2130,42.62,0.29574650526046753,-0.09331417828798294,-0.6301710605621338,0.940233051776886,1.004839539527893,0.23571078479290009,False
2131,42.64,0.29574650526046753,-0.09331417828798294,-0.6301710605621338,0.9427878856658936,1.0047105550765991,0.23598039150238037,False
2132,42.660000000000004,0.29574650526046753,-0.09331417828798294,-0.6301710605621338,0.9454969167709351,1.0043073892593384,0.23631176352500916,False
2133,42.68,0.29574650526046753,-0.09331417828798294,-0.6301710605621338,0.948367714881897,1.0036334991455078,0.236616849899292,False
2134,42.7,0.29574650526046753,-0.09331417828798294,-0.6301710605621338,0.9512361288070679,1.0029442310333252,0.23672620952129364,False
2135,42.72,0.29574650526046753,-0.09331417828798294,-0.6301710605621338,0.9539463520050049,1.002402424812317,0.2367355078458786,False
2136,42.74,0.29574650526046753,-0.09331417828798294,-0.6301710605621338,0.9566195011138916,1.002004623413086,0.23593996465206146,False
2137,42.76,0.29574650526046753,-0.09331417828798294,-0.6301710605621338,0.9594493508338928,1.001774549484253,0.23487931489944458,False
2138,42.78,0.29574650526046753,-0.09331417828798294,-0.6301710605621338,0.962368369102478,1.0016868114471436,0.23527608811855316,False
2139,42.800000000000004,0.29574650526046753,-0.09331417828798294,-0.6301710605621338,0.965224027633667,1.0017075538635254,0.23481877148151398,False
2140,42.82,0.29574650526046753,-0.09331417828798294,-0.6301710605621338,0.968019425868988,1.0017499923706055,0.23473937809467316,False
2141,42.84,0.29574650526046753,-0.09331417828798294,-0.6301710605621338,0.970867395401001,1.0018701553344727,0.23564162850379944,False
2142,42.86,0.29574650526046753,-0.09331417828798294,-0.6301710605621338,0.9737592339515686,1.0020251274108887,0.23582518100738525,False
2143,42.88,0.29574650526046753,-0.09331417828798294,-0.6301710605621338,0.9765715003013611,1.0021268129348755,0.23718160390853882,False
2144,42.9,0.29574650526046753,-0.09331417828798294,-0.6301710605621338,0.9793162941932678,1.0022412538528442,0.23753026127815247,False
2145,42.92,0.29574650526046753,-0.09331417828798294,-0.6301710605621338,0.9817594885826111,1.0023435354232788,0.23753774166107178,False
2146,42.94,0.29574650526046753,-0.09331417828798294,-0.6301710605621338,0.9837363362312317,1.0023307800292969,0.23966975510120392,False
2147,42.96,0.29574650526046753,-0.09331417828798294,-0.6301710605621338,0.9856551289558411,1.0021612644195557,0.23913706839084625,False
2148,42.980000000000004,0.29574650526046753,-0.09331417828798294,-0.6301710605621338,0.9879832863807678,1.002186894416809,0.23779980838298798,False
2149,43.0,0.29574650526046753,-0.09331417828798294,-0.6301710605621338,0.9906677603721619,1.0023449659347534,0.23601192235946655,False
2150,43.02,0.6034671068191528,-0.09344329684972763,-0.624176025390625,0.9935455918312073,1.0027029514312744,0.2364782989025116,False
2151,43.04,0.6034671068191528,-0.09344329684972763,-0.624176025390625,0.9966524839401245,1.0033777952194214,0.23619070649147034,False
2152,43.06,0.6034671068191528,-0.09344329684972763,-0.624176025390625,1.0000404119491577,1.004488229751587,0.23619228601455688,False
2153,43.08,0.6034671068191528,-0.09344329684972763,-0.624176025390625,1.0034780502319336,1.0060021877288818,0.23647142946720123,False
2154,43.1,0.6034671068191528,-0.09344329684972763,-0.624176025390625,1.0072060823440552,1.0069862604141235,0.23435702919960022,False
2155,43.12,0.6034671068191528,-0.09344329684972763,-0.624176025390625,1.011170744895935,1.007972002029419,0.22883333265781403,False
2156,43.14,0.6034671068191528,-0.09344329684972763,-0.624176025390625,1.015154480934143,1.0087991952896118,0.2182832807302475,False
2157,43.160000000000004,0.6034671068191528,-0.09344329684972763,-0.624176025390625,1.019400715827942,1.0090135335922241,0.20787562429904938,False
2158,43.18,0.6034671068191528,-0.09344329684972763,-0.624176025390625,1.0242788791656494,1.0086218118667603,0.20027141273021698,False
2159,43.2,0.6034671068191528,-0.09344329684972763,-0.624176025390625,1.029964804649353,1.007933259010315,0.1926022469997406,False
2160,43.22,0.6034671068191528,-0.09344329684972763,-0.624176025390625,1.0362179279327393,1.007186770439148,0.18480315804481506,False
2161,43.24,0.6034671068191528,-0.09344329684972763,-0.624176025390625,1.043086290359497,1.0062227249145508,0.1758144348859787,False
2162,43.26,0.6034671068191528,-0.09344329684972763,-0.624176025390625,1.0502723455429077,1.0048173666000366,0.1679430902004242,False
2163,43.28,0.6034671068191528,-0.09344329684972763,-0.624176025390625,1.057830572128296,1.0030927658081055,0.16117233037948608,False
2164,43.300000000000004,0.6034671068191528,-0.09344329684972763,-0.624176025390625,1.0658447742462158,1.0011380910873413,0.15442460775375366,False
2165,43.32,0.6034671068191528,-0.09344329684972763,-0.624176025390625,1.074371099472046,0.999064564704895,0.14739039540290833,False
2166,43.34,0.6034671068191528,-0.09344329684972763,-0.624176025390625,1.0836749076843262,0.9970378279685974,0.14066830277442932,False
2167,43.36,0.6034671068191528,-0.09344329684972763,-0.624176025390625,1.0938607454299927,0.9948402643203735,0.1329696923494339,False
2168,43.38,0.6034671068191528,-0.09344329684972763,-0.624176025390625,1.1046454906463623,0.9926853179931641,0.12872222065925598,False
2169,43.4,0.6034671068191528,-0.09344329684972763,-0.624176025390625,1.1149144172668457,0.9909985661506653,0.1263381987810135,False
2170,43.42,0.6034671068191528,-0.09344329684972763,-0.624176025390625,1.1231721639633179,0.9883378744125366,0.11998186260461807,False
2171,43.44,0.6034671068191528,-0.09344329684972763,-0.624176025390625,1.1307814121246338,0.9848300218582153,0.11239920556545258,False
2172,43.46,0.6034671068191528,-0.09344329684972763,-0.624176025390625,1.139115810394287,0.9817894101142883,0.10443079471588135,False
2173,43.480000000000004,0.6034671068191528,-0.09344329684972763,-0.624176025390625,1.1479148864746094,0.979583740234375,0.09404925256967545,False
2174,43.5,0.6034671068191528,-0.09344329684972763,-0.624176025390625,1.1567320823669434,0.9779512882232666,0.08730855584144592,False
2175,43.52,0.7023817896842957,-0.09289458394050598,-0.6179862022399902,1.1653635501861572,0.9765004515647888,0.0825003907084465,False
2176,43.54,0.7023817896842957,-0.09289458394050598,-0.6179862022399902,1.1735373735427856,0.9749525785446167,0.08093294501304626,False
2177,43.56,0.7023817896842957,-0.09289458394050598,-0.6179862022399902,1.181357502937317,0.9734599590301514,0.08131243288516998,False
2178,43.58,0.7023817896842957,-0.09289458394050598,-0.6179862022399902,1.1888245344161987,0.972244381904602,0.08125132322311401,False
2179,43.6,0.7023817896842957,-0.09289458394050598,-0.6179862022399902,1.1960793733596802,0.9715798497200012,0.07996594160795212,False
2180,43.62,0.7023817896842957,-0.09289458394050598,-0.6179862022399902,1.2032889127731323,0.9714463949203491,0.07859274744987488,False
2181,43.64,0.7023817896842957,-0.09289458394050598,-0.6179862022399902,1.2102543115615845,0.9716722369194031,0.07729347050189972,False
2182,43.660000000000004,0.7023817896842957,-0.09289458394050598,-0.6179862022399902,1.21683931350708,0.9722121953964233,0.07378066331148148,False
2183,43.68,0.7023817896842957,-0.09289458394050598,-0.6179862022399902,1.2231475114822388,0.9731923937797546,0.06697859615087509,False
2184,43.7,0.7023817896842957,-0.09289458394050598,-0.6179862022399902,1.2293833494186401,0.9744148254394531,0.05979274585843086,False
2185,43.72,0.7023817896842957,-0.09289458394050598,-0.6179862022399902,1.2359520196914673,0.9757283329963684,0.052091870456933975,False
2186,43.74,0.7023817896842957,-0.09289458394050598,-0.6179862022399902,1.242868185043335,0.9771700501441956,0.045232679694890976,False
2187,43.76,0.7023817896842957,-0.09289458394050598,-0.6179862022399902,1.2499841451644897,0.9789919853210449,0.04012628644704819,False
2188,43.78,0.7023817896842957,-0.09289458394050598,-0.6179862022399902,1.257532000541687,0.9811354875564575,0.03733474388718605,False
2189,43.800000000000004,0.7023817896842957,-0.09289458394050598,-0.6179862022399902,1.2653378248214722,0.9830150008201599,0.035218507051467896,False
2190,43.82,0.7023817896842957,-0.09289458394050598,-0.6179862022399902,1.2727665901184082,0.9842225313186646,0.03165921941399574,False
2191,43.84,0.7023817896842957,-0.09289458394050598,-0.6179862022399902,1.2795509099960327,0.9855457544326782,0.026530671864748,False
2192,43.86,0.7023817896842957,-0.09289458394050598,-0.6179862022399902,1.2860887050628662,0.9869474768638611,0.02057146653532982,False
2193,43.88,0.7023817896842957,-0.09289458394050598,-0.6179862022399902,1.2925808429718018,0.9882165789604187,0.01901254616677761,False
2194,43.9,0.7023817896842957,-0.09289458394050598,-0.6179862022399902,1.2993888854980469,0.9893028736114502,0.019921056926250458,False
2195,43.92,0.7023817896842957,-0.09289458394050598,-0.6179862022399902,1.3065524101257324,0.9899987578392029,0.019699452444911003,False
2196,43.94,0.7023817896842957,-0.09289458394050598,-0.6179862022399902,1.3139033317565918,0.9902379512786865,0.0179344080388546,False
2197,43.96,0.7023817896842957,-0.09289458394050598,-0.6179862022399902,1.3214671611785889,0.9901138544082642,0.015812039375305176,False
2198,43.980000000000004,0.7023817896842957,-0.09289458394050598,-0.6179862022399902,1.3291906118392944,0.9895519614219666,0.013780144043266773,False
2199,44.0,0.7023817896842957,-0.09289458394050598,-0.6179862022399902,1.3367918729782104,0.9886269569396973,0.010862075723707676,False
2200,44.02,0.7724037170410156,-0.09307757019996643,-0.6146504878997803,1.3444191217422485,0.9874424338340759,0.005865728482604027,False
2201,44.04,0.7724037170410156,-0.09307757019996643,-0.6146504878997803,1.352230429649353,0.9860219955444336,0.0016062214272096753,False
2202,44.06,0.7724037170410156,-0.09307757019996643,-0.6146504878997803,1.3604764938354492,0.9842654466629028,-0.003346797078847885,False
2203,44.08,0.7724037170410156,-0.09307757019996643,-0.6146504878997803,1.369118332862854,0.9819415807723999,-0.009038008749485016,False
2204,44.1,0.7724037170410156,-0.09307757019996643,-0.6146504878997803,1.3781026601791382,0.9790485501289368,-0.015053607523441315,False
2205,44.12,0.7724037170410156,-0.09307757019996643,-0.6146504878997803,1.3873411417007446,0.9757953882217407,-0.02162143588066101,False
2206,44.14,0.7724037170410156,-0.09307757019996643,-0.6146504878997803,1.3966107368469238,0.9722071886062622,-0.026652317494153976,False
2207,44.160000000000004,0.7724037170410156,-0.09307757019996643,-0.6146504878997803,1.406151294708252,0.9682744741439819,-0.0326850488781929,False
2208,44.18,0.7724037170410156,-0.09307757019996643,-0.6146504878997803,1.415916085243225,0.9641130566596985,-0.040048811584711075,False
2209,44.2,0.7724037170410156,-0.09307757019996643,-0.6146504878997803,1.4255462884902954,0.9603129625320435,-0.048587486147880554,False
2210,44.22,0.7724037170410156,-0.09307757019996643,-0.6146504878997803,1.4348759651184082,0.9565579295158386,-0.057349883019924164,False
2211,44.24,0.7724037170410156,-0.09307757019996643,-0.6146504878997803,1.4433609247207642,0.9526469111442566,-0.06553886830806732,False
2212,44.26,0.7724037170410156,-0.09307757019996643,-0.6146504878997803,1.4516000747680664,0.9484242796897888,-0.07513102144002914,False
2213,44.28,0.7724037170410156,-0.09307757019996643,-0.6146504878997803,1.4596847295761108,0.9442266225814819,-0.0833355188369751,False
2214,44.300000000000004,0.7724037170410156,-0.09307757019996643,-0.6146504878997803,1.467710018157959,0.9405368566513062,-0.08893897384405136,False
2215,44.32,0.7724037170410156,-0.09307757019996643,-0.6146504878997803,1.4761956930160522,0.9373559951782227,-0.09425325691699982,False
2216,44.34,0.7724037170410156,-0.09307757019996643,-0.6146504878997803,1.4848802089691162,0.9343958497047424,-0.09996094554662704,False
2217,44.36,0.7724037170410156,-0.09307757019996643,-0.6146504878997803,1.4933089017868042,0.9317286610603333,-0.10404124855995178,False
2218,44.38,0.7724037170410156,-0.09307757019996643,-0.6146504878997803,1.501466155052185,0.9294684529304504,-0.1088552325963974,False
2219,44.4,0.7724037170410156,-0.09307757019996643,-0.6146504878997803,1.5090423822402954,0.9275991320610046,-0.11334884166717529,False
2220,44.42,0.7724037170410156,-0.09307757019996643,-0.6146504878997803,1.516039490699768,0.9260541200637817,-0.11430959403514862,False
2221,44.44,0.7724037170410156,-0.09307757019996643,-0.6146504878997803,1.5224683284759521,0.9247069954872131,-0.11453620344400406,False
2222,44.46,0.7724037170410156,-0.09307757019996643,-0.6146504878997803,1.5286321640014648,0.9234322309494019,-0.11310218274593353,False
2223,44.480000000000004,0.7724037170410156,-0.09307757019996643,-0.6146504878997803,1.5347529649734497,0.9222354292869568,-0.1128709614276886,False
2224,44.5,0.7724037170410156,-0.09307757019996643,-0.6146504878997803,1.5407646894454956,0.9214321970939636,-0.11480268090963364,False
2225,44.52,0.7785094380378723,-0.0937165915966034,-0.6069495677947998,1.5468213558197021,0.920932412147522,-0.11739907413721085,False
2226,44.54,0.7785094380378723,-0.0937165915966034,-0.6069495677947998,1.552987813949585,0.9206401109695435,-0.1203966811299324,False
2227,44.56,0.7785094380378723,-0.0937165915966034,-0.6069495677947998,1.5590853691101074,0.9207270741462708,-0.12211168557405472,False
2228,44.58,0.7785094380378723,-0.0937165915966034,-0.6069495677947998,1.5651013851165771,0.9213111996650696,-0.12440270930528641,False
2229,44.6,0.7785094380378723,-0.0937165915966034,-0.6069495677947998,1.571249008178711,0.9222866892814636,-0.12875798344612122,False
2230,44.62,0.7785094380378723,-0.0937165915966034,-0.6069495677947998,1.5778093338012695,0.9237068891525269,-0.13220861554145813,False
2231,44.64,0.7785094380378723,-0.0937165915966034,-0.6069495677947998,1.5849131345748901,0.9253546595573425,-0.13467977941036224,False
2232,44.660000000000004,0.7785094380378723,-0.0937165915966034,-0.6069495677947998,1.592395305633545,0.9272404909133911,-0.13632304966449738,False
2233,44.68,0.7785094380378723,-0.0937165915966034,-0.6069495677947998,1.6000293493270874,0.9285953640937805,-0.1361766755580902,False
2234,44.7,0.7785094380378723,-0.0937165915966034,-0.6069495677947998,1.6069867610931396,0.9294284582138062,-0.1394520401954651,False
2235,44.72,0.7785094380378723,-0.0937165915966034,-0.6069495677947998,1.613126277923584,0.9299242496490479,-0.14808058738708496,False
2236,44.74,0.7785094380378723,-0.0937165915966034,-0.6069495677947998,1.6191591024398804,0.9301438927650452,-0.15549695491790771,False
2237,44.76,0.7785094380378723,-0.0937165915966034,-0.6069495677947998,1.6257559061050415,0.9300559163093567,-0.16046646237373352,False
2238,44.78,0.7785094380378723,-0.0937165915966034,-0.6069495677947998,1.6329747438430786,0.9294770359992981,-0.16412022709846497,False
2239,44.800000000000004,0.7785094380378723,-0.0937165915966034,-0.6069495677947998,1.640480399131775,0.9282469153404236,-0.16619457304477692,False
2240,44.82,0.7785094380378723,-0.0937165915966034,-0.6069495677947998,1.6480425596237183,0.9262346625328064,-0.16807706654071808,False
2241,44.84,0.7785094380378723,-0.0937165915966034,-0.6069495677947998,1.655429482460022,0.9235628247261047,-0.171561598777771,False
2242,44.86,0.7785094380378723,-0.0937165915966034,-0.6069495677947998,1.6626784801483154,0.9202662706375122,-0.17584851384162903,False
2243,44.88,0.7785094380378723,-0.0937165915966034,-0.6069495677947998,1.6699787378311157,0.9164298176765442,-0.18027929961681366,False
2244,44.9,0.7785094380378723,-0.0937165915966034,-0.6069495677947998,1.6772594451904297,0.9122841954231262,-0.18526846170425415,False
2245,44.92,0.7785094380378723,-0.0937165915966034,-0.6069495677947998,1.6846532821655273,0.9080293774604797,-0.18928545713424683,False
2246,44.94,0.7785094380378723,-0.0937165915966034,-0.6069495677947998,1.6924799680709839,0.9034644961357117,-0.19292762875556946,False
2247,44.96,0.7785094380378723,-0.0937165915966034,-0.6069495677947998,1.700783610343933,0.8985346555709839,-0.19942200183868408,False
2248,44.980000000000004,0.7785094380378723,-0.0937165915966034,-0.6069495677947998,1.7095942497253418,0.8931903839111328,-0.20732326805591583,False
2249,45.0,0.7785094380378723,-0.0937165915966034,-0.6069495677947998,1.7187597751617432,0.8878820538520813,-0.21465495228767395,False
2250,45.02,0.7514009475708008,-0.09318272024393082,-0.609525203704834,1.7280709743499756,0.8829216957092285,-0.2213573455810547,False
2251,45.04,0.7514009475708008,-0.09318272024393082,-0.609525203704834,1.7365814447402954,0.8780002593994141,-0.2263140231370926,False
2252,45.06,0.7514009475708008,-0.09318272024393082,-0.609525203704834,1.7445858716964722,0.8724526166915894,-0.2330581694841385,False
2253,45.08,0.7514009475708008,-0.09318272024393082,-0.609525203704834,1.75258207321167,0.8668670654296875,-0.23858900368213654,False
2254,45.1,0.7514009475708008,-0.09318272024393082,-0.609525203704834,1.7606910467147827,0.8617160320281982,-0.24299292266368866,False
2255,45.12,0.7514009475708008,-0.09318272024393082,-0.609525203704834,1.7689614295959473,0.8571265935897827,-0.246255561709404,False
2256,45.14,0.7514009475708008,-0.09318272024393082,-0.609525203704834,1.7769217491149902,0.8528403639793396,-0.24878047406673431,False
2257,45.160000000000004,0.7514009475708008,-0.09318272024393082,-0.609525203704834,1.7847914695739746,0.8487804532051086,-0.2521367073059082,False
2258,45.18,0.7514009475708008,-0.09318272024393082,-0.609525203704834,1.792405366897583,0.8449187278747559,-0.25443515181541443,False
2259,45.2,0.7514009475708008,-0.09318272024393082,-0.609525203704834,1.7997639179229736,0.8412187695503235,-0.25522127747535706,False
2260,45.22,0.7514009475708008,-0.09318272024393082,-0.609525203704834,1.8068253993988037,0.8377274870872498,-0.25578802824020386,False
2261,45.24,0.7514009475708008,-0.09318272024393082,-0.609525203704834,1.813639760017395,0.8345062732696533,-0.2581516206264496,False
2262,45.26,0.7514009475708008,-0.09318272024393082,-0.609525203704834,1.820236325263977,0.8314397931098938,-0.2637353837490082,False
2263,45.28,0.0,0.0,0.0,1.8265721797943115,0.8286400437355042,-0.2706748843193054,False
